X,Y,DataZone,OBJECTID,Name,TotPop2011,ResPop2011,HHCnt2011,Easting,Northing,SIMD2020v2_Rank,deciles
-2.07982903480452,57.1315914118752,S01006633,"128",Torry East - 03,"699","699","288","395267","804524",657,"1"
-2.07413605761966,57.1346401974391,S01006634,"129",Torry East - 04,"634","634","291","395612","804863",417,"1"
-2.09127489000485,57.1648654024982,S01006667,"162",Seaton - 02,"741","737","447","394579","808229",552,"1"
-2.1238797126932,57.1697335233315,S01006684,"179",Woodside - 04,"684","684","401","392608","808774",268,"1"
-2.15932673911499,57.1683107056843,S01006724,"219",Northfield - 06,"1005","1005","343","390464","808620",616,"1"
-1.77826551013877,57.5067508744655,S01007086,"581",Peterhead Harbour - 06,"1132","1118","573","413386","846307",633,"1"
-2.01817564386146,57.6930396135324,S01007126,"621",Fraserburgh Harbour and Broadsea - 02,"927","919","399","399016","867025",569,"1"
-2.58537392079219,56.5574859885738,S01007186,"681",Arbroath Harbour - 03,"593","593","327","364117","740767",239,"1"
-2.58366981417003,56.5683197066923,S01007199,"694",Arbroath Warddykes - 03,"804","804","306","364232","741972",351,"1"
-5.46598721076382,56.4084674179195,S01007295,"790",Oban South - 07,"520","520","307","186261","729418",609,"1"
-5.0621497584414,55.8369258337611,S01007345,"840",Rothesay Town - 02,"595","595","315","208342","664654",597,"1"
-5.05757767717158,55.8360688015347,S01007346,"841",Rothesay Town - 03,"543","533","351","208624","664546",558,"1"
-4.92495301258698,55.9531972371708,S01007366,"861",Dunoon - 01,"465","465","276","217478","677217",189,"1"
-4.93507897029764,55.9551045687385,S01007368,"863",Dunoon - 03,"541","541","233","216855","677456",695,"1"
-4.71218922881474,56.0028289364004,S01007399,"894",Helensburgh East - 02,"642","642","324","230975","682197",294,"1"
-3.84221472010035,56.1332972804281,S01007411,"906",Tullibody South - 03,"895","895","437","285603","694927",553,"1"
-3.82469817397261,56.1351568549756,S01007416,"911",Tullibody North and Glenochil - 02,"595","595","223","286697","695105",464,"1"
-3.78488904679227,56.1199681226358,S01007461,"956",Alloa South and East - 01,"680","680","372","289127","693350",141,"1"
-3.78029169835222,56.1137712556485,S01007463,"958",Alloa South and East - 03,"988","988","377","289395","692653",140,"1"
-3.78501056860479,56.1118250613326,S01007464,"959",Alloa South and East - 04,"686","686","313","289096","692444",514,"1"
-3.78898434677399,56.1090807210335,S01007465,"960",Alloa South and East - 05,"785","785","380","288841","692145",6,"1"
-3.79242269151705,56.1138563171159,S01007466,"961",Alloa South and East - 06,"984","984","581","288641","692682",221,"1"
-5.03517355829337,54.9009810169432,S01007485,"980",Stranraer West - 05,"481","481","219","205488","560469",81,"1"
-5.03109289721791,54.9021078493717,S01007486,"981",Stranraer West - 06,"540","540","255","205755","560583",152,"1"
-5.02534330928237,54.9026198501841,S01007487,"982",Stranraer East - 01,"903","893","498","206126","560624",691,"1"
-3.98778746259827,55.3798332361476,S01007554,"1049",Upper Nithsdale - 03,"435","435","221","274151","611338",478,"1"
-3.64091463640636,55.0858400939985,S01007575,"1070",Lochside and Lincluden - 02,"860","854","452","295357","578052",542,"1"
-3.63684299582225,55.0824348301511,S01007576,"1071",Lochside and Lincluden - 03,"718","718","344","295608","577667",188,"1"
-3.63507360532744,55.07784817726,S01007577,"1072",Lochside and Lincluden - 04,"688","688","296","295709","577154",455,"1"
-3.6331542742059,55.0822596793186,S01007578,"1073",Lochside and Lincluden - 05,"692","692","332","295843","577642",470,"1"
-3.63346952515869,55.08691979735,S01007579,"1074",Lochside and Lincluden - 06,"663","663","298","295835","578161",651,"1"
-3.61919622760554,55.0741329098921,S01007583,"1078",Summerville - 02,"1056","1048","519","296713","576717",373,"1"
-3.60763172899169,55.0681478782508,S01007612,"1107",Dumfries Central - 04,"1044","1037","609","297436","576034",392,"1"
-2.98970394356834,56.463264750736,S01007701,"1196",City Centre - 01,"535","535","318","339113","730565",93,"1"
-2.97393885947033,56.4655367902332,S01007704,"1199",City Centre - 04,"907","907","517","340088","730804",284,"1"
-2.95130290469997,56.4676802999336,S01007708,"1203",Docks and Wellgate - 02,"644","644","357","341486","731023",594,"1"
-2.97387536715992,56.4693916400609,S01007715,"1210",Hilltown - 02,"516","516","267","340098","731233",432,"1"
-2.9759447646476,56.4690698784683,S01007716,"1211",Hilltown - 03,"1041","967","598","339970","731199",513,"1"
-2.97592469950631,56.4720798848265,S01007717,"1212",Hilltown - 04,"1003","997","567","339976","731534",234,"1"
-2.979788924357,56.4746279944997,S01007718,"1213",Hilltown - 05,"689","689","467","339742","731821",530,"1"
-2.96357936139301,56.4755905964633,S01007722,"1217",The Glens - 03,"840","840","548","340742","731914",344,"1"
-2.96891238274039,56.4765463384947,S01007723,"1218",The Glens - 04,"952","952","604","340415","732025",233,"1"
-2.96863556078808,56.4726941072617,S01007724,"1219",The Glens - 05,"648","643","358","340426","731596",181,"1"
-2.97522884518819,56.4759577416846,S01007725,"1220",The Glens - 06,"773","773","498","340025","731965",352,"1"
-2.96371515893159,56.4726246470006,S01007726,"1221",Stobswell - 01,"786","786","453","340729","731584",496,"1"
-2.96223686856457,56.468736868444,S01007727,"1222",Stobswell - 02,"1023","1007","591","340814","731150",582,"1"
-2.91900732584392,56.4785792931813,S01007744,"1239",Douglas West - 02,"766","766","403","343492","732209",357,"1"
-2.90704201973117,56.4813085929902,S01007748,"1243",Douglas West - 06,"704","704","369","344233","732503",259,"1"
-2.90341867046139,56.4777861897107,S01007754,"1249",Douglas East - 02,"884","884","414","344451","732108",557,"1"
-2.90143286877626,56.4803072266399,S01007755,"1250",Douglas East - 03,"877","877","417","344577","732387",434,"1"
-2.91340392981511,56.4899587915611,S01007782,"1277",Whitfield - 01,"499","499","239","343854","733471",663,"1"
-2.92278547486873,56.4864035512751,S01007783,"1278",Whitfield - 02,"782","782","405","343271","733083",261,"1"
-2.93147213521929,56.4896718531485,S01007785,"1280",Whitfield - 04,"603","603","276","342741","733454",213,"1"
-2.92835641341779,56.4930912393661,S01007788,"1283",Whitfield - 07,"708","708","268","342938","733832",366,"1"
-2.92641191922146,56.4939412966585,S01007789,"1284",Whitfield - 08,"624","624","231","343059","733925",487,"1"
-2.93482259311582,56.4944981687661,S01007790,"1285",Whitfield - 09,"895","895","330","342542","733994",145,"1"
-2.93978671447779,56.4876865426074,S01007793,"1288",Fintry - 03,"959","959","457","342226","733240",573,"1"
-2.95568373791175,56.4882749055727,S01007797,"1292",Fintry - 07,"522","522","258","341248","733319",144,"1"
-2.94242889206614,56.484216532987,S01007800,"1295",Linlathen and Midcraigie - 01,"956","913","365","342058","732856",194,"1"
-2.94161305437694,56.4807816920026,S01007801,"1296",Linlathen and Midcraigie - 02,"973","833","388","342103","732473",10,"1"
-2.93076655066106,56.4794350144937,S01007803,"1298",Linlathen and Midcraigie - 04,"1087","1087","524","342769","732314",115,"1"
-2.93198548227167,56.4808094649934,S01007804,"1299",Linlathen and Midcraigie - 05,"627","627","259","342696","732468",197,"1"
-2.93470201159612,56.4823343585866,S01007805,"1300",Linlathen and Midcraigie - 06,"520","520","207","342531","732640",544,"1"
-2.98917274740966,56.4889918223935,S01007810,"1305",Caird Park - 04,"883","883","369","339187","733428",390,"1"
-2.97928003127426,56.4901573769977,S01007812,"1307",Kirkton - 02,"850","850","328","339798","733549",61,"1"
-3.00307562141714,56.4761311356559,S01007826,"1321",Fairmuir - 04,"598","573","260","338310","732009",378,"1"
-3.04078679155754,56.4695679130703,S01007842,"1337",Menzieshill - 04,"770","770","391","335976","731313",245,"1"
-3.04819121947701,56.4667294560294,S01007844,"1339",Menzieshill - 06,"935","935","520","335515","731004",526,"1"
-3.03094891850974,56.4742949032766,S01007845,"1340",Charleston - 01,"903","903","427","336590","731830",380,"1"
-3.03897896834551,56.4752791682,S01007847,"1342",Charleston - 03,"917","917","437","336097","731947",551,"1"
-3.03597007103688,56.4720968767685,S01007848,"1343",Charleston - 04,"819","819","447","336277","731590",375,"1"
-3.02295150337002,56.4793293911118,S01007850,"1345",Lochee - 01,"754","754","293","337091","732383",556,"1"
-3.01274918925241,56.4778766043731,S01007852,"1347",Lochee - 03,"667","667","356","337717","732212",327,"1"
-3.00720470075604,56.4714437151557,S01007853,"1348",Lochee - 04,"660","660","413","338048","731491",25,"1"
-3.01461555195177,56.4711678673267,S01007854,"1349",Lochee - 05,"1125","1075","548","337591","731467",334,"1"
-3.01321248456619,56.4733356209963,S01007855,"1350",Lochee - 06,"501","501","310","337681","731707",416,"1"
-3.00923378574566,56.4885518498996,S01007859,"1354",Ardler and St Marys - 03,"528","528","246","337951","733397",435,"1"
-3.01473548924496,56.4944996476775,S01007863,"1358",Ardler and St Marys - 07,"895","895","441","337622","734064",276,"1"
-4.39797492457546,55.3088718658343,S01007871,"1366",Doon Valley South - 02,"669","669","285","247894","604262",158,"1"
-4.39541091794285,55.3133894587396,S01007872,"1367",Doon Valley South - 03,"705","705","322","248074","604759",40,"1"
-4.49657399095351,55.3549931149916,S01007879,"1374",Doon Valley North - 05,"764","764","320","241821","609613",679,"1"
-4.32609406476125,55.501977729238,S01007885,"1380",Mauchline Rural - 05,"730","730","345","253174","625592",229,"1"
-4.08192777297601,55.5178773552347,S01007902,"1397",Cumnock Rural - 06,"883","883","394","268647","626872",291,"1"
-4.1778283273106,55.3893663741769,S01007905,"1400",New Cumnock - 01,"687","687","292","262145","612759",585,"1"
-4.17558208840349,55.3913027854177,S01007906,"1401",New Cumnock - 02,"724","724","382","262294","612970",687,"1"
-4.25996942660833,55.4503048528276,S01007913,"1408",Cumnock South and Craigens - 05,"616","616","304","257163","619705",631,"1"
-4.28698895545693,55.4739621494102,S01007921,"1416",Auchinleck - 01,"932","922","422","255541","622393",525,"1"
-4.29014381840939,55.4732470226924,S01007922,"1417",Auchinleck - 02,"867","867","386","255339","622320",606,"1"
-4.34437826326102,55.6051686202373,S01007948,"1443",Newmilns - 04,"660","660","304","252407","637112",504,"1"
-4.38315856300636,55.6016705174832,S01007952,"1447",Galston - 04,"617","617","357","249951","636806",583,"1"
-4.39447181358053,55.5971538492332,S01007954,"1449",Galston - 06,"728","728","324","249221","636328",666,"1"
-4.49975553020334,55.5825937035887,S01007963,"1458",Shortlees - 02,"1003","1003","408","242530","634942",22,"1"
-4.4958062689227,55.5886244308593,S01007965,"1460",Shortlees - 04,"576","576","256","242803","635604",538,"1"
-4.49237903279286,55.5881369372116,S01007966,"1461",Shortlees - 05,"977","977","418","243017","635542",459,"1"
-4.4910468755405,55.5856473355058,S01007967,"1462",Shortlees - 06,"639","639","245","243091","635262",545,"1"
-4.4918920069401,55.6047390579858,S01007976,"1471",Kilmarnock South Central and Caprington - 04,"703","703","456","243114","637388",572,"1"
-4.50161595106846,55.6282786407807,S01008001,"1496",Altonhill North and Onthank - 03,"858","858","372","242596","640029",88,"1"
-4.50022239413488,55.624361295366,S01008002,"1497",Altonhill North and Onthank - 04,"781","781","330","242668","639590",202,"1"
-4.50508712920306,55.6226800450783,S01008006,"1501","Altonhill South, Longpark and Hillhead - 02","579","579","248","242355","639414",72,"1"
-4.50122316594193,55.6218691385294,S01008007,"1502","Altonhill South, Longpark and Hillhead - 03","430","430","208","242595","639315",31,"1"
-4.4955027399513,55.6220846108194,S01008008,"1503","Altonhill South, Longpark and Hillhead - 04","645","645","267","242956","639326",541,"1"
-4.49449546681352,55.6184829058475,S01008009,"1504","Altonhill South, Longpark and Hillhead - 05","785","785","373","243005","638923",460,"1"
-4.49603676619622,55.6144967422675,S01008011,"1506","Altonhill South, Longpark and Hillhead - 07","657","657","455","242892","638483",136,"1"
-4.14547102949182,55.9412123429657,S01008137,"1632",Hillhead - 02,"911","900","414","266094","674098",199,"1"
-4.13696461463979,55.9391135078744,S01008139,"1634",Hillhead - 04,"875","875","393","266618","673848",637,"1"
-4.19652106746148,55.9728724619563,S01008159,"1654",Lennoxtown - 02,"989","987","461","263018","677721",625,"1"
-2.97802343795614,55.9620069059834,S01008203,"1698",IZ07 - 07,"556","556","283","339041","674765",688,"1"
-2.94542529675235,55.9449202510544,S01008221,"1716",IZ10 - 04,"718","718","309","341050","672835",660,"1"
-4.39941239078189,55.7994360101299,S01008315,"1810","Dunterlie, East Arthurlie and Dovecothall - 07","748","748","450","249689","658845",520,"1"
-4.3838253567669,55.8083405792522,S01008316,"1811","Dunterlie, East Arthurlie and Dovecothall - 08","598","598","265","250700","659802",220,"1"
-3.28205632357411,55.9120799351315,S01008451,"1946",Clovenstone and Wester Hailes - 03,"699","699","325","319958","669519",315,"1"
-3.2790377540364,55.9127223448272,S01008452,"1947",Clovenstone and Wester Hailes - 04,"631","631","271","320148","669587",477,"1"
-3.29473087875736,55.9193872509703,S01008456,"1951",The Calders - 03,"973","973","528","319181","670347",288,"1"
-3.28404351435713,55.9165339698569,S01008459,"1954",Murrayburn and Wester Hailes North - 01,"741","741","393","319843","670017",437,"1"
-3.27987886302025,55.9188237111074,S01008460,"1955",Murrayburn and Wester Hailes North - 02,"805","805","368","320108","670267",241,"1"
-3.27562487018424,55.9184096101378,S01008461,"1956",Murrayburn and Wester Hailes North - 03,"914","914","450","320373","670216",322,"1"
-3.27488005426558,55.9171683454898,S01008462,"1957",Murrayburn and Wester Hailes North - 04,"564","564","349","320417","670077",251,"1"
-3.27344332139319,55.9211727675633,S01008463,"1958",Murrayburn and Wester Hailes North - 05,"670","670","355","320515","670521",335,"1"
-3.22483131752228,55.9070555566976,S01008530,"2025",Oxgangs - 02,"724","724","369","323525","668895",596,"1"
-3.13919943558014,55.9052451351738,S01008562,"2057",Hyvots and Gilmerton - 04,"675","675","344","328875","668602",528,"1"
-3.13912402023169,55.9173849919488,S01008569,"2064",Moredun and Craigour - 01,"640","640","400","328902","669953",26,"1"
-3.14369567588174,55.9313417368064,S01008703,"2198",Craigmillar - 03,"972","961","456","328642","671511",462,"1"
-3.12502187057014,55.9342723101781,S01008706,"2201",Niddrie - 01,"577","577","243","329814","671818",485,"1"
-3.12557536862512,55.9312841302564,S01008707,"2202",Niddrie - 02,"862","862","387","329774","671486",173,"1"
-3.12220808766033,55.9288618942257,S01008708,"2203",Niddrie - 03,"928","859","452","329980","671213",164,"1"
-3.12191305641732,55.9358102210829,S01008710,"2205",Niddrie - 05,"494","494","208","330011","671986",393,"1"
-3.11638770788404,55.9351596100629,S01008711,"2206",Niddrie - 06,"706","706","353","330355","671908",664,"1"
-3.12251449919958,55.93888670358,S01008712,"2207","Bingham, Magdalene and The Christians - 01","1143","1038","499","329979","672329",90,"1"
-3.1118600746297,55.941373517036,S01008713,"2208","Bingham, Magdalene and The Christians - 02","635","635","292","330649","672595",248,"1"
-3.14137422608096,55.9595950716903,S01008752,"2247",Restalrig (Loganlea) and Craigentinny West - 02,"787","787","459","328839","674653",318,"1"
-3.15699629819367,55.9613721534326,S01008757,"2252",Restalrig and Lochend - 02,"638","638","397","327867","674867",110,"1"
-3.15109828357597,55.9645003416059,S01008759,"2254",Restalrig and Lochend - 04,"564","564","322","328241","675209",656,"1"
-3.15560608516844,55.9652488416496,S01008760,"2255",Restalrig and Lochend - 05,"949","941","500","327961","675297",285,"1"
-3.17373404709525,55.9740268070824,S01008787,"2282",Great Junction Street - 03,"374","374","200","326846","676293",11,"1"
-3.22865267835896,55.9782447444552,S01008918,"2413",Granton South and Wardieburn - 03,"584","584","293","323427","676822",411,"1"
-3.22758074669119,55.9798188544082,S01008919,"2414",Granton South and Wardieburn - 04,"544","544","264","323497","676996",303,"1"
-3.23365459427774,55.9777994114202,S01008921,"2416",Granton and Royston Mains - 02,"755","755","375","323114","676778",355,"1"
-3.26193276067084,55.9731639881137,S01008929,"2424",Muirhouse - 01,"762","762","475","321340","676294",29,"1"
-3.25814564839308,55.9705251898608,S01008930,"2425",Muirhouse - 02,"913","913","427","321571","675996",228,"1"
-3.26181981001649,55.969696870502,S01008933,"2428",Muirhouse - 05,"686","686","289","321340","675908",681,"1"
-3.91933707906497,56.0239174067556,S01009053,"2548",Dunipace - 04,"532","532","259","280472","682886",266,"1"
-3.77811059402926,56.0186495371953,S01009126,"2621",Falkirk - Bainsford and Langlees - 01,"592","579","281","289258","682064",39,"1"
-3.77869476726291,56.0208876511831,S01009127,"2622",Falkirk - Bainsford and Langlees - 02,"626","626","269","289228","682314",382,"1"
-3.79059113920034,56.0172195436785,S01009128,"2623",Falkirk - Bainsford and Langlees - 03,"806","806","467","288476","681925",176,"1"
-3.7870033674177,56.0194374101762,S01009129,"2624",Falkirk - Bainsford and Langlees - 04,"486","486","205","288706","682166",563,"1"
-3.77728814218742,56.0077340573041,S01009143,"2638",Falkirk - Middlefield - 01,"600","600","312","289278","680848",476,"1"
-3.82125863850926,56.0017355734591,S01009159,"2654",Falkirk - Camelon East - 01,"511","511","250","286519","680252",170,"1"
-3.77307584435777,55.9858408702746,S01009178,"2673",Hallglen and Glen Village - 02,"743","743","320","289478","678405",665,"1"
-3.69776735289073,55.9730718028627,S01009203,"2698",Maddiston and Rumford - 05,"633","633","269","294141","676866",452,"1"
-3.72429709407283,56.0164661290042,S01009228,"2723",Grangemouth - Town Centre - 02,"602","602","313","292606","681736",425,"1"
-3.71312658277634,56.0062160086899,S01009232,"2727",Grangemouth - Kersiebank - 01,"581","581","309","293274","680578",438,"1"
-3.70973110745682,56.008500661907,S01009234,"2729",Grangemouth - Kersiebank - 03,"1021","1021","476","293492","680827",536,"1"
-3.72003767586243,56.0087077719349,S01009240,"2735",Grangemouth - Bowhouse - 03,"672","672","387","292850","680866",274,"1"
-3.44394516135082,56.0797317733822,S01009302,"2797",Headwell East,"845","845","450","310229","688376",280,"1"
-3.42117906114232,56.0736795662789,S01009336,"2831",Touch,"658","655","318","311632","687673",442,"1"
-3.42693839340875,56.0673771772627,S01009339,"2834",Abbeyview North,"853","853","391","311259","686979",519,"1"
-3.32383654920875,56.1569767418063,S01009429,"2924",Lochore Central,"704","704","341","317869","696823",694,"1"
-3.32347576139482,56.1647438648811,S01009432,"2927",Ballingry East,"817","809","321","317908","697687",698,"1"
-3.33251251726776,56.1620320397147,S01009435,"2930",Ballingry West,"774","774","347","317341","697396",246,"1"
-3.30660152884294,56.1292339392312,S01009446,"2941",Lochgelly East,"904","878","471","318881","693715",492,"1"
-3.33199281576548,56.1200314188437,S01009450,"2945",Lumphinnans,"601","596","307","317283","692721",440,"1"
-3.31627019426309,56.1226259722197,S01009451,"2946",Lochgelly South West,"1020","1014","427","318266","692991",632,"1"
-3.2423810462316,56.0589851542495,S01009460,"2955",Burntisland Docks,"856","854","399","322732","685823",400,"1"
-3.16055087820513,56.1040970247999,S01009471,"2966",Linktown East,"659","659","414","327912","690755",78,"1"
-3.16580933231019,56.1004085291486,S01009473,"2968",Linktown Central,"902","902","464","327578","690350",522,"1"
-3.33906783751609,56.1074653633093,S01009489,"2984",Cowdenbeath South East,"816","775","389","316816","691331",653,"1"
-3.1817746830278,56.1230157919201,S01009504,"2999",Kirkcaldy Valley West,"695","695","314","326628","692883",646,"1"
-3.18022313787367,56.125402665339,S01009505,"3000",Templehall,"817","817","355","326729","693147",480,"1"
-3.18001756820295,56.1281450297624,S01009506,"3001",Templehall North Eastern,"735","735","348","326747","693452",469,"1"
-3.1589740144495,56.1217045326218,S01009524,"3019",Pathhead North West,"675","668","341","328043","692713",624,"1"
-3.14051508397989,56.1284534260684,S01009534,"3029",Sinclairtown Central,"856","856","427","329203","693445",69,"1"
-3.13934665489416,56.1313753439099,S01009535,"3030",Gallatown West,"630","629","297","329281","693769",187,"1"
-3.13634645799397,56.1278449395204,S01009540,"3035",Sinclairtown North,"815","815","459","329461","693373",584,"1"
-3.05992657509625,56.1662789191093,S01009542,"3037",East Wemyss McDuff,"753","753","380","334277","697575",463,"1"
-3.1971103874408,56.1998251831878,S01009557,"3052",Macedonia North,"675","675","300","325823","701448",372,"1"
-3.20235025027668,56.197815607116,S01009559,"3054",Macedonia West,"857","857","374","325494","701230",642,"1"
-3.20405097525585,56.1924259520965,S01009560,"3055",Tanshall Central,"748","748","351","325378","700632",568,"1"
-3.17644843175883,56.1935361271561,S01009571,"3066",Auchmuty North West,"686","686","297","327093","700726",627,"1"
-3.16990157781462,56.1928704373549,S01009572,"3067",Auchmuty West,"1030","1030","499","327498","700645",667,"1"
-3.18283832190204,56.212137183218,S01009597,"3092",Collydean South,"875","875","361","326732","702803",610,"1"
-3.18206346759496,56.2142021579059,S01009598,"3093",Collydean North,"664","664","303","326784","703032",456,"1"
-3.16652496467532,56.2074581931057,S01009600,"3095",Cadham,"634","634","330","327735","702265",577,"1"
-3.03688360598166,56.1699066362299,S01009622,"3117",Buckhaven South,"729","729","394","335714","697957",7,"1"
-3.02705318225281,56.1889646106397,S01009626,"3121",Methil Trees East,"601","601","231","336356","700069",328,"1"
-3.01317375226814,56.1844520154529,S01009631,"3126",Lower Methil,"677","677","406","337210","699554",211,"1"
-3.01801815235193,56.1848704319353,S01009632,"3127",Methil Memorial Park,"558","558","306","336910","699605",171,"1"
-3.02659385627006,56.1862460425536,S01009633,"3128",Methil Savoy,"756","755","297","336380","699766",148,"1"
-3.01480098347124,56.1887244002504,S01009636,"3131",Aberhill,"904","904","521","337116","700031",107,"1"
-3.02017885515164,56.1897942372332,S01009638,"3133",Methil Kirkland,"781","781","292","336784","700155",332,"1"
-2.99735866264833,56.2008341193751,S01009640,"3135",Scoonie South,"586","586","363","338218","701363",305,"1"
-3.00134131943719,56.2008917684535,S01009647,"3142",Leven North,"595","562","318","337971","701373",359,"1"
-3.04176644320956,56.2092640908878,S01009656,"3151",Kennoway East,"728","728","387","335477","702342",314,"1"
-4.32997448582327,55.8093370395617,S01009759,"3254",Darnley East - 02,"934","927","417","254078","659798",161,"1"
-4.34745282778606,55.8202480542589,S01009775,"3270",Nitshill - 01,"802","797","359","253024","661049",126,"1"
-4.36576909112439,55.8153402546195,S01009776,"3271",Nitshill - 02,"720","659","307","251858","660542",109,"1"
-4.34981945758104,55.8155472615348,S01009777,"3272",Nitshill - 03,"482","482","266","252858","660531",422,"1"
-4.35618104459363,55.8133134164886,S01009778,"3273",Nitshill - 04,"822","822","415","252451","660296",231,"1"
-4.3656736082269,55.8140298929035,S01009779,"3274",Nitshill - 05,"557","551","290","251859","660396",350,"1"
-4.34342999423582,55.816001752374,S01009780,"3275",Nitshill - 06,"608","608","219","253260","660568",74,"1"
-4.34847485928221,55.8176041540831,S01009781,"3276",Nitshill - 07,"548","548","224","252950","660757",570,"1"
-4.34460048127267,55.8144964814043,S01009783,"3278",Nitshill - 09,"741","741","310","253181","660403",299,"1"
-4.35710375527573,55.8201263366641,S01009784,"3279",Crookston South - 01,"756","749","309","252419","661056",232,"1"
-4.35485790448175,55.8178325852358,S01009785,"3280",Crookston South - 02,"801","801","339","252551","660796",444,"1"
-4.35179238924259,55.825494786093,S01009786,"3281",Crookston South - 03,"963","925","425","252772","661642",191,"1"
-4.35027585896506,55.821263651994,S01009787,"3282",Crookston South - 04,"867","867","366","252851","661168",123,"1"
-4.34651823530146,55.8296489536258,S01009791,"3286",Crookston North - 04,"664","661","281","253118","662093",629,"1"
-4.34153619779437,55.8346960787997,S01009799,"3294",Pollok North and East - 01,"848","834","363","253449","662644",150,"1"
-4.34577852529549,55.835397152834,S01009801,"3296",Pollok North and East - 03,"894","894","344","253186","662731",601,"1"
-4.35838568093379,55.8333944677487,S01009803,"3298",Pollok North and East - 05,"801","801","371","252389","662535",579,"1"
-4.34344195967485,55.8523023993541,S01009810,"3305",Cardonald North - 01,"855","855","453","253396","664607",593,"1"
-4.33926774348639,55.8474476762477,S01009813,"3308",Cardonald North - 04,"769","769","335","253639","664058",345,"1"
-4.36608784499522,55.8474020585974,S01009828,"3323",Penilee - 07,"767","767","394","251960","664110",165,"1"
-4.33287307675952,55.8545704437579,S01009835,"3330",Drumoyne and Shieldhall - 03,"526","526","258","254066","664837",605,"1"
-4.33514810237137,55.8584008977695,S01009837,"3332",Drumoyne and Shieldhall - 05,"689","652","368","253938","665268",677,"1"
-4.33030639844731,55.8629415883202,S01009839,"3334",Drumoyne and Shieldhall - 07,"974","974","615","254258","665763",379,"1"
-4.32207069795166,55.8577677864334,S01009842,"3337",Govan and Linthouse - 02,"671","662","332","254754","665170",281,"1"
-4.31694824679929,55.8605696590445,S01009843,"3338",Govan and Linthouse - 03,"640","640","310","255085","665471",43,"1"
-4.3154392923812,55.8631415399426,S01009844,"3339",Govan and Linthouse - 04,"573","573","361","255189","665754",97,"1"
-4.32139029479422,55.8608274035723,S01009846,"3341",Govan and Linthouse - 06,"862","862","461","254808","665509",674,"1"
-4.32692404441141,55.8544854514454,S01009848,"3343",Craigton - 01,"866","866","383","254438","664815",684,"1"
-4.30287172024906,55.8595308991183,S01009859,"3354",Ibrox - 01,"1038","1038","580","255962","665326",185,"1"
-4.30879028421215,55.8625924888372,S01009860,"3355",Ibrox - 02,"920","920","503","255603","665679",79,"1"
-4.30463622059384,55.8569454031645,S01009861,"3356",Ibrox - 03,"1103","1024","524","255842","665042",394,"1"
-4.29848698262843,55.8534745067237,S01009862,"3357",Ibrox East and Cessnock - 01,"1109","1007","607","256214","664643",401,"1"
-4.25967761219603,55.8369650476289,S01009887,"3382",Govanhill West - 01,"976","976","490","258583","662726",511,"1"
-4.25860070249713,55.8396001572381,S01009892,"3387",Govanhill West - 06,"796","781","468","258660","663017",441,"1"
-4.25561882934165,55.8347208469505,S01009894,"3389",Govanhill East and Aikenhead - 01,"823","823","476","258829","662468",467,"1"
-4.25509245512973,55.8374896193287,S01009895,"3390",Govanhill East and Aikenhead - 02,"724","717","408","258872","662775",247,"1"
-4.25168041346494,55.8386935503515,S01009896,"3391",Govanhill East and Aikenhead - 03,"968","959","470","259090","662902",587,"1"
-4.25174505341289,55.8362208492856,S01009898,"3393",Govanhill East and Aikenhead - 05,"626","611","259","259077","662627",685,"1"
-4.29442370290037,55.8270912164724,S01009935,"3430",Pollokshaws - 03,"544","544","386","256371","661699",111,"1"
-4.30520121535435,55.8192590867558,S01009938,"3433",Pollokshaws - 06,"938","938","570","255667","660850",654,"1"
-4.32265829515945,55.8135109059014,S01009939,"3434",Carnwadric West - 01,"901","901","521","254552","660247",65,"1"
-4.32618852909971,55.8108826987826,S01009940,"3435",Carnwadric West - 02,"837","837","438","254321","659962",66,"1"
-4.31506179420548,55.8108411030253,S01009942,"3437",Carnwadric West - 04,"1022","1022","486","255018","659934",483,"1"
-4.32006124052975,55.808760575677,S01009943,"3438",Carnwadric West - 05,"841","841","424","254697","659713",163,"1"
-4.29737818720208,55.8168081926444,S01009948,"3443",Newlands - 01,"812","812","431","256148","660561",369,"1"
-4.24532715951237,55.8071652152249,S01009970,"3465",Carmunnock South - 02,"946","946","476","259374","659381",337,"1"
-4.24900838302029,55.7996023394048,S01009971,"3466",Carmunnock South - 03,"1093","1093","488","259116","658547",431,"1"
-4.24160865751895,55.802442799724,S01009974,"3469",Glenwood South - 02,"615","615","294","259590","658848",283,"1"
-4.23626648581089,55.799439470646,S01009975,"3470",Glenwood South - 03,"800","800","398","259914","658503",15,"1"
-4.23333113293293,55.8019554314352,S01009976,"3471",Glenwood South - 04,"490","490","255","260107","658777",38,"1"
-4.23555709191579,55.8026519239058,S01009977,"3472",Glenwood South - 05,"926","926","555","259970","658859",27,"1"
-4.21857751980782,55.8031843479834,S01009978,"3473",Glenwood South - 06,"1019","1019","444","261036","658884",166,"1"
-4.23024005715056,55.7992434265999,S01009979,"3474",Glenwood South - 07,"584","481","258","260291","658469",138,"1"
-4.23187677922374,55.8069339444048,S01009980,"3475",Glenwood North - 01,"645","567","250","260216","659328",56,"1"
-4.22402886877488,55.8086759893481,S01009981,"3476",Glenwood North - 02,"694","694","303","260714","659506",256,"1"
-4.2178456143228,55.8116367145835,S01009982,"3477",Glenwood North - 03,"1030","1030","428","261112","659823",614,"1"
-4.21436302732699,55.8076462156351,S01009983,"3478",Glenwood North - 04,"579","579","289","261316","659372",113,"1"
-4.21846530279525,55.8062600768631,S01009985,"3480",Glenwood North - 06,"615","611","270","261054","659226",95,"1"
-4.23345655749264,55.8086038677186,S01009986,"3481",Castlemilk - 01,"552","552","280","260123","659517",91,"1"
-4.24135738001769,55.8086217664691,S01009988,"3483",Castlemilk - 03,"497","497","270","259628","659535",282,"1"
-4.22938642924469,55.8102685347,S01009992,"3487",Castlemilk - 07,"695","695","330","260384","659694",524,"1"
-4.23240253600626,55.8292129934306,S01010019,"3514",Toryglen and Oatlands - 04,"725","725","409","260263","661808",73,"1"
-4.24075517653663,55.8320178558981,S01010021,"3516",Toryglen and Oatlands - 06,"806","806","400","259750","662137",500,"1"
-4.24467918333613,55.8444116831543,S01010023,"3518",Gorbals and Hutchesontown - 01,"640","640","387","259549","663524",42,"1"
-4.23979070413555,55.8471790435892,S01010024,"3519",Gorbals and Hutchesontown - 02,"734","718","402","259865","663822",586,"1"
-4.24403080052366,55.8500675470333,S01010025,"3520",Gorbals and Hutchesontown - 03,"548","534","316","259610","664152",309,"1"
-4.24366789515117,55.8484834163267,S01010026,"3521",Gorbals and Hutchesontown - 04,"876","876","492","259627","663975",658,"1"
-4.24269868130314,55.8452476930455,S01010028,"3523",Gorbals and Hutchesontown - 06,"639","639","381","259676","663613",490,"1"
-4.24640905138034,55.8453237590856,S01010029,"3524",Gorbals and Hutchesontown - 07,"668","668","398","259444","663629",217,"1"
-4.25958631752354,55.8403459719301,S01010033,"3528",Laurieston and Tradeston - 03,"923","905","503","258601","663102",574,"1"
-4.22909662436374,55.8548687605358,S01010037,"3532",Calton and Gallowgate - 01,"642","642","376","260562","664656",160,"1"
-4.23460535772297,55.8550833370741,S01010038,"3533",Calton and Gallowgate - 02,"990","990","568","260218","664691",548,"1"
-4.22722525533573,55.8486924660703,S01010043,"3538",Bridgeton - 02,"770","770","451","260657","663965",399,"1"
-4.22398920132952,55.8462975160249,S01010045,"3540",Bridgeton - 04,"550","550","258","260851","663692",180,"1"
-4.22428635114599,55.8431106488836,S01010046,"3541",Dalmarnock - 01,"747","747","431","260821","663338",64,"1"
-4.22048878110659,55.8462619195787,S01010047,"3542",Dalmarnock - 02,"828","828","471","261070","663681",32,"1"
-4.21223291678621,55.8432202612708,S01010048,"3543",Dalmarnock - 03,"954","950","551","261576","663326",427,"1"
-4.19313275601756,55.8515071109466,S01010049,"3544",Parkhead West and Barrowfield - 01,"807","807","395","262801","664210",286,"1"
-4.19992472654004,55.8481503918639,S01010050,"3545",Parkhead West and Barrowfield - 02,"993","979","540","262364","663850",367,"1"
-4.19787114913905,55.8499755683985,S01010051,"3546",Parkhead West and Barrowfield - 03,"703","699","431","262499","664049",223,"1"
-4.19871382604361,55.8518837668553,S01010052,"3547",Parkhead West and Barrowfield - 04,"648","627","372","262453","664263",270,"1"
-4.21263039959272,55.8502141673166,S01010054,"3549",Parkhead West and Barrowfield - 06,"573","573","248","261576","664105",35,"1"
-4.22733795065671,55.8534536769672,S01010055,"3550",Parkhead West and Barrowfield - 07,"1126","948","457","260667","664495",80,"1"
-4.18364434781492,55.8518197667051,S01010056,"3551",Parkhead East and Braidfauld North - 01,"451","451","214","263396","664226",87,"1"
-4.18795734755167,55.8466923019165,S01010058,"3553",Parkhead East and Braidfauld North - 03,"781","781","355","263108","663664",534,"1"
-4.17129272610633,55.8454868400827,S01010062,"3557",Braidfauld - 02,"750","750","344","264147","663497",615,"1"
-4.17580727102332,55.8436635291628,S01010063,"3558",Braidfauld - 03,"984","925","546","263858","663303",196,"1"
-4.17953650315794,55.8406586769784,S01010065,"3560",Braidfauld - 05,"839","839","413","263614","662976",313,"1"
-4.18918265304651,55.8437676304427,S01010066,"3561",Braidfauld - 06,"753","753","342","263021","663341",385,"1"
-4.19052689381625,55.843527996815,S01010067,"3562",Braidfauld - 07,"608","608","297","262936","663317",154,"1"
-4.11483617088141,55.8468571225791,S01010086,"3581",Baillieston West - 04,"915","915","414","267686","663540",384,"1"
-4.11194024251026,55.847949384238,S01010092,"3587",Baillieston East - 05,"983","958","446","267871","663656",543,"1"
-4.09769837332648,55.8697171368482,S01010105,"3600",Easterhouse East - 01,"406","406","165","268836","666051",287,"1"
-4.10561704611332,55.8645311455876,S01010107,"3602",Easterhouse East - 03,"793","793","404","268323","665489",639,"1"
-4.09643776508103,55.86649433999,S01010108,"3603",Easterhouse East - 04,"733","733","374","268904","665690",599,"1"
-4.11409058037173,55.8690051222641,S01010110,"3605",Central Easterhouse - 01,"805","805","431","267808","666003",255,"1"
-4.10255687345403,55.8705957848691,S01010111,"3606",Central Easterhouse - 02,"986","986","446","268535","666158",52,"1"
-4.11066618006198,55.8653972273158,S01010112,"3607",Central Easterhouse - 03,"949","949","419","268010","665595",139,"1"
-4.12548289138855,55.8736169061752,S01010113,"3608","Garthamlock, Auchinlea and Gartloch - 01","551","551","244","267111","666538",230,"1"
-4.12717403333005,55.8715116678752,S01010114,"3609","Garthamlock, Auchinlea and Gartloch - 02","777","777","366","266998","666307",16,"1"
-4.13226608615755,55.8608906478005,S01010118,"3613",North Barlanark and Easterhouse South - 01,"678","678","277","266643","665135",46,"1"
-4.1275117271675,55.8636601086417,S01010119,"3614",North Barlanark and Easterhouse South - 02,"543","543","209","266950","665434",465,"1"
-4.13111361628343,55.8634809295399,S01010120,"3615",North Barlanark and Easterhouse South - 03,"1045","1045","444","266724","665421",92,"1"
-4.12453242804651,55.8617793789021,S01010121,"3616",North Barlanark and Easterhouse South - 04,"675","675","321","267130","665219",47,"1"
-4.12174244386672,55.8662941016614,S01010122,"3617",North Barlanark and Easterhouse South - 05,"464","425","198","267320","665716",5,"1"
-4.12889697928259,55.8568508895521,S01010123,"3618",Barlanark - 01,"733","733","299","266840","664679",310,"1"
-4.14134724620284,55.8583602795917,S01010127,"3622",Barlanark - 05,"620","620","296","266066","664871",370,"1"
-4.14398415836011,55.8606869438591,S01010128,"3623",Barlanark - 06,"492","492","214","265909","665135",85,"1"
-4.14127625488918,55.8605543750318,S01010129,"3624",Barlanark - 07,"719","719","350","266078","665115",34,"1"
-4.13379156930414,55.8554899048603,S01010130,"3625",Barlanark - 08,"416","416","206","266529","664537",546,"1"
-4.16848112830686,55.8549460140155,S01010132,"3627",Greenfield - 02,"969","969","497","264356","664544",611,"1"
-4.16941465523094,55.8587940356884,S01010133,"3628",Greenfield - 03,"713","713","380","264311","664974",105,"1"
-4.15377181446978,55.8466847040941,S01010138,"3633",Shettleston North - 02,"941","941","660","265248","663596",24,"1"
-4.16103590797887,55.8509250051048,S01010139,"3634",Shettleston North - 03,"1024","1024","552","264808","664082",647,"1"
-4.16618415946836,55.8509961909964,S01010141,"3636",Shettleston North - 05,"807","807","447","264486","664100",120,"1"
-4.17247082083874,55.8499955557943,S01010142,"3637",Tollcross - 01,"572","572","288","264089","664001",333,"1"
-4.17983391005857,55.852246858706,S01010146,"3641",Tollcross - 05,"765","765","406","263636","664266",398,"1"
-4.17400845894376,55.8532127545061,S01010147,"3642",Old Shettleston and Parkhead North - 01,"953","953","494","264004","664362",125,"1"
-4.18977638077577,55.8582983345534,S01010148,"3643",Old Shettleston and Parkhead North - 02,"784","784","356","263035","664959",258,"1"
-4.18299348865686,55.8592996783601,S01010150,"3645",Old Shettleston and Parkhead North - 04,"612","604","325","263463","665057",116,"1"
-4.17897404080966,55.8602876611052,S01010151,"3646",Old Shettleston and Parkhead North - 05,"625","625","329","263718","665159",308,"1"
-4.18570283152451,55.8657133763301,S01010153,"3648",Carntyne - 02,"941","908","491","263316","665776",589,"1"
-4.18935118034541,55.862952311447,S01010154,"3649",Carntyne - 03,"883","832","432","263078","665476",494,"1"
-4.17886408971291,55.8654572611078,S01010156,"3651","Cranhill, Lightburn and Queenslie South - 01","565","565","281","263743","665734",590,"1"
-4.17435118576021,55.864207024058,S01010157,"3652","Cranhill, Lightburn and Queenslie South - 02","569","569","267","264021","665586",179,"1"
-4.16538766664307,55.8674028399205,S01010160,"3655","Cranhill, Lightburn and Queenslie South - 05","605","605","308","264593","665924",83,"1"
-4.15951695416392,55.8629944996332,S01010162,"3657","Cranhill, Lightburn and Queenslie South - 07","846","769","360","264945","665422",175,"1"
-4.173003471391,55.8672595315906,S01010163,"3658","Cranhill, Lightburn and Queenslie South - 08","597","597","239","264116","665923",54,"1"
-4.15729432902463,55.8670058339096,S01010165,"3660",Craigend and Ruchazie - 01,"627","627","275","265098","665864",151,"1"
-4.15789168683223,55.8771957805981,S01010167,"3662",Craigend and Ruchazie - 03,"792","792","472","265096","666999",235,"1"
-4.1607795524219,55.8722021463718,S01010169,"3664",Craigend and Ruchazie - 05,"890","842","367","264898","666449",364,"1"
-4.15493588133368,55.8749199271205,S01010170,"3665",Craigend and Ruchazie - 06,"533","533","271","265273","666740",419,"1"
-4.14803308667254,55.870924548509,S01010171,"3666",Craigend and Ruchazie - 07,"1038","1038","489","265691","666282",142,"1"
-4.1956124939909,55.8662917917247,S01010172,"3667",Riddrie and Hogganfield - 01,"696","696","481","262698","665860",495,"1"
-4.1636231800153,55.8741832582369,S01010177,"3672",Riddrie and Hogganfield - 06,"776","776","315","264727","666675",108,"1"
-4.17136110167553,55.8701914007466,S01010178,"3673",Riddrie and Hogganfield - 07,"1033","1033","391","264229","666246",242,"1"
-4.19020929023083,55.8750697995572,S01010179,"3674",Blackhill and Barmulloch East - 01,"837","837","387","263067","666826",121,"1"
-4.18886742657062,55.8787784468465,S01010181,"3676",Blackhill and Barmulloch East - 03,"631","631","272","263164","667236",169,"1"
-4.19374033513846,55.8829695609342,S01010183,"3678",Blackhill and Barmulloch East - 05,"463","463","232","262874","667712",482,"1"
-4.19859776273192,55.8834760005602,S01010185,"3680",Blackhill and Barmulloch East - 07,"633","633","282","262572","667778",565,"1"
-4.20386048213135,55.8964852241364,S01010197,"3692",Balornock - 04,"660","660","260","262289","669236",527,"1"
-4.2062093697709,55.8947535287035,S01010198,"3693",Balornock - 05,"1027","949","394","262136","669048",340,"1"
-4.20585065500553,55.8842089356416,S01010199,"3694",Barmulloch - 01,"521","521","232","262121","667874",635,"1"
-4.20464195873626,55.8809412697137,S01010202,"3697",Barmulloch - 04,"783","783","365","262185","667508",119,"1"
-4.21594505175115,55.8809269050639,S01010204,"3699",Petershill - 02,"800","800","381","261478","667529",159,"1"
-4.21944645715693,55.8812052972634,S01010205,"3700",Petershill - 03,"658","658","355","261260","667567",320,"1"
-4.20978328456167,55.8802558584407,S01010207,"3702",Petershill - 05,"778","778","285","261861","667442",18,"1"
-4.2299136593687,55.8928163249576,S01010209,"3704",Springburn - 01,"966","880","468","260647","668880",130,"1"
-4.22209876502764,55.8839704359133,S01010211,"3706",Springburn - 03,"858","858","452","261104","667880",388,"1"
-4.22592498990748,55.8851684716102,S01010212,"3707",Springburn - 04,"1083","1030","559","260869","668021",75,"1"
-4.23662263195546,55.8876706366833,S01010215,"3710",Springburn East and Cowlairs - 02,"850","842","492","260209","668321",236,"1"
-4.23022341422723,55.8915255268702,S01010216,"3711",Springburn East and Cowlairs - 03,"621","621","361","260623","668737",106,"1"
-4.23232600059023,55.8891506957132,S01010217,"3712",Springburn East and Cowlairs - 04,"817","817","406","260483","668477",391,"1"
-4.23568300448626,55.8860700000601,S01010218,"3713",Springburn East and Cowlairs - 05,"1018","1018","587","260262","668141",502,"1"
-4.24272652406379,55.8792731913814,S01010221,"3716",Cowlairs and Port Dundas - 03,"546","465","260","259797","667399",99,"1"
-4.2366509764549,55.8809386206414,S01010223,"3718",Cowlairs and Port Dundas - 05,"556","552","337","260183","667572",443,"1"
-4.2476322758985,55.882823528361,S01010224,"3719",Cowlairs and Port Dundas - 06,"1036","989","469","259503","667804",67,"1"
-4.22536090679222,55.8767126435846,S01010225,"3720",Sighthill - 01,"812","812","431","260874","667079",678,"1"
-4.20726768110628,55.8748098072299,S01010228,"3723","Roystonhill, Blochairn, and Provanmill - 01","695","642","384","261999","666831",162,"1"
-4.22792588149942,55.8709772431163,S01010230,"3725","Roystonhill, Blochairn, and Provanmill - 03","1005","1005","577","260693","666446",84,"1"
-4.22943320395793,55.8674358868533,S01010231,"3726","Roystonhill, Blochairn, and Provanmill - 04","1013","1013","514","260586","666055",307,"1"
-4.22244857519585,55.8677150840057,S01010233,"3728","Roystonhill, Blochairn, and Provanmill - 06","970","970","476","261024","666072",339,"1"
-4.20809380477494,55.8612062208052,S01010242,"3737",Carntyne West and Haghill - 01,"793","793","455","261899","665319",662,"1"
-4.21207563706288,55.8528214588541,S01010245,"3740",Carntyne West and Haghill - 04,"952","952","509","261620","664394",2,"1"
-4.20096460840706,55.8611722450068,S01010246,"3741",Carntyne West and Haghill - 05,"841","841","433","262345","665301",395,"1"
-4.22579644141032,55.8603029285721,S01010253,"3748",Dennistoun - 06,"631","631","364","260788","665254",137,"1"
-4.21856606448146,55.8554096950638,S01010255,"3750",Gallowgate North and Bellgrove - 02,"718","718","353","261223","664695",446,"1"
-4.22007911031502,55.857844894061,S01010256,"3751",Gallowgate North and Bellgrove - 03,"859","859","516","261137","664969",415,"1"
-4.23505077576617,55.861447237402,S01010262,"3757",City Centre East - 04,"845","844","535","260213","665400",275,"1"
-4.25736235675794,55.8678251726114,S01010270,"3765",City Centre West - 05,"1153","1100","817","258840","666155",389,"1"
-4.26755719324152,55.8776495943288,S01010304,"3799",Firhill - 04,"542","542","332","258238","667269",244,"1"
-4.25795104976408,55.8804416349301,S01010310,"3805",Keppochhill - 02,"706","706","381","258849","667560",472,"1"
-4.25525534515578,55.8827559060137,S01010311,"3806",Keppochhill - 03,"721","714","351","259026","667812",167,"1"
-4.26166087715529,55.8840223581606,S01010312,"3807",Keppochhill - 04,"868","857","425","258630","667966",33,"1"
-4.26470654619038,55.8827799893847,S01010313,"3808",Keppochhill - 05,"654","636","356","258435","667834",118,"1"
-4.27385846707661,55.8828807805661,S01010316,"3811",Ruchill - 02,"512","512","304","257863","667864",182,"1"
-4.25250843461168,55.8852957331691,S01010323,"3818",Possil Park - 01,"603","603","377","259207","668089",12,"1"
-4.24697814684977,55.8919755977488,S01010324,"3819",Possil Park - 02,"759","759","403","259577","668821",448,"1"
-4.25054662763361,55.8900769552081,S01010325,"3820",Possil Park - 03,"939","939","501","259347","668617",428,"1"
-4.25937201229367,55.8867336667471,S01010326,"3821",Possil Park - 04,"987","986","494","258783","668263",14,"1"
-4.24979133634031,55.8977479814697,S01010330,"3825",Milton West - 01,"663","663","299","259422","669469",70,"1"
-4.25449533696876,55.8928087093143,S01010331,"3826",Milton West - 02,"923","923","520","259110","668929",183,"1"
-4.2474028109442,55.8943404975753,S01010332,"3827",Milton West - 03,"715","708","279","259559","669085",68,"1"
-4.26724851529918,55.8940123239668,S01010333,"3828",Milton West - 04,"962","962","487","258317","669089",323,"1"
-4.24332730219371,55.8952237348692,S01010335,"3830",Milton East - 01,"831","793","345","259817","669175",430,"1"
-4.24334385082036,55.9016044219849,S01010336,"3831",Milton East - 02,"657","657","379","259839","669885",48,"1"
-4.24928187161367,55.8994469145957,S01010337,"3832",Milton East - 03,"623","623","278","259460","669657",272,"1"
-4.24427108357323,55.8982712005621,S01010338,"3833",Milton East - 04,"751","751","356","259769","669516",122,"1"
-4.25335053767759,55.9031291496222,S01010344,"3839",Summerston Central and West - 05,"690","690","419","259219","670075",37,"1"
-4.30564072557787,55.9030140942551,S01010347,"3842",Summerston North - 02,"1125","919","466","255950","670170",486,"1"
-4.27092403466033,55.8972428895913,S01010350,"3845",Maryhill East - 01,"950","950","475","258099","669456",506,"1"
-4.28533695817436,55.8956278982933,S01010352,"3847",Maryhill East - 03,"506","506","276","257192","669306",421,"1"
-4.29053117403862,55.8969153418898,S01010353,"3848",Maryhill East - 04,"961","961","562","256872","669460",77,"1"
-4.29507004804702,55.8944131485409,S01010355,"3850",Maryhill West - 02,"742","742","402","256579","669191",461,"1"
-4.29423189420996,55.8959296700527,S01010357,"3852",Maryhill West - 04,"585","585","340","256637","669358",204,"1"
-4.29056735382902,55.8872172869977,S01010358,"3853",Wyndford - 01,"842","842","507","256834","668381",128,"1"
-4.28878647469987,55.8892905804988,S01010359,"3854",Wyndford - 02,"816","816","456","256953","668608",135,"1"
-4.2940691736522,55.889650533512,S01010360,"3855",Wyndford - 03,"567","567","285","256624","668659",501,"1"
-4.29397832661661,55.888924246779,S01010361,"3856",Wyndford - 04,"611","611","402","256627","668578",103,"1"
-4.29297048888841,55.88675010656,S01010362,"3857",Wyndford - 05,"783","783","611","256682","668334",21,"1"
-4.32046377083241,55.8747665182661,S01010394,"3889",Partick - 02,"807","807","516","254918","667058",301,"1"
-4.33337618369855,55.8720237062788,S01010423,"3918",Whiteinch - 01,"831","831","490","254100","666780",508,"1"
-4.34446676268028,55.875677507132,S01010425,"3920",Whiteinch - 03,"1032","1032","621","253420","667210",343,"1"
-4.358943628555,55.8826716880312,S01010433,"3928",Scotstoun South and West - 02,"803","803","338","252541","668019",224,"1"
-4.35444778631337,55.8802503060609,S01010434,"3929",Scotstoun South and West - 03,"623","623","331","252813","667740",195,"1"
-4.35089372450932,55.878853308678,S01010436,"3931",Scotstoun South and West - 05,"778","778","433","253030","667577",365,"1"
-4.37895143768957,55.8918852301304,S01010440,"3935",Yoker South - 04,"650","650","322","251325","669087",453,"1"
-4.36768597785954,55.8978277836712,S01010447,"3942",Knightswood West - 01,"1028","1028","521","252052","669724",512,"1"
-4.35287220728445,55.8875064973162,S01010451,"3946",Knightswood East - 02,"864","829","438","252939","668544",361,"1"
-4.35963476453594,55.8869455524142,S01010453,"3948",Knightswood East - 04,"666","664","372","252514","668496",491,"1"
-4.3601426588808,55.900048828197,S01010455,"3950",Knightswood Park West - 01,"942","942","604","252532","669955",50,"1"
-4.34683257145759,55.8920976416452,S01010461,"3956",Knightswood Park East - 02,"732","732","386","253334","669042",600,"1"
-4.35000473066891,55.8924505661969,S01010462,"3957",Knightswood Park East - 03,"899","899","437","253137","669088",131,"1"
-4.34560263505721,55.904047571031,S01010478,"3973",Blairdardie East - 01,"991","991","628","253456","670369",253,"1"
-4.33429696014228,55.9001461114437,S01010481,"3976",Blairdardie East - 04,"667","667","267","254148","669911",227,"1"
-4.35401679266312,55.9071944336912,S01010488,"3983",Drumchapel South - 01,"822","822","338","252942","670737",429,"1"
-4.35158038063544,55.9105573934061,S01010490,"3985",Drumchapel South - 03,"749","749","308","253107","671106",219,"1"
-4.35613664816166,55.9104882826054,S01010491,"3986",Drumchapel North - 01,"906","906","417","252822","671108",143,"1"
-4.36225132142679,55.9176241315217,S01010492,"3987",Drumchapel North - 02,"575","575","255","252467","671915",102,"1"
-4.36141337145158,55.9101625250601,S01010493,"3988",Drumchapel North - 03,"719","719","308","252491","671083",30,"1"
-4.35373375067842,55.9125564317627,S01010495,"3990",Drumchapel North - 05,"858","858","418","252980","671333",59,"1"
-4.36673857769554,55.9108961467936,S01010496,"3991",Drumry East - 01,"843","812","388","252161","671176",168,"1"
-4.37945904534033,55.9176702394709,S01010497,"3992",Drumry East - 02,"749","749","285","251392","671957",347,"1"
-4.37370693299033,55.9157321167093,S01010498,"3993",Drumry East - 03,"839","839","357","251744","671729",296,"1"
-4.37068182225994,55.9128424769102,S01010499,"3994",Drumry East - 04,"856","804","451","251922","671401",28,"1"
-4.38102008145587,55.9105037950538,S01010500,"3995",Drumry West - 01,"1078","1078","398","251267","671163",420,"1"
-4.3819995424506,55.9082109379962,S01010503,"3998",Drumry West - 04,"655","655","321","251197","670910",324,"1"
-3.8934100923817,57.5741325490105,S01010564,"4059",Nairn West - 06,"500","500","269","286861","855367",575,"1"
-4.2168525520777,57.4602980429625,S01010608,"4103",Inverness Drummond - 03,"673","673","306","267107","843284",535,"1"
-4.22572222206429,57.4789390905443,S01010620,"4115","Inverness Central, Raigmore and Longman - 02","631","614","369","266643","845376",458,"1"
-4.23385079831236,57.4790199107476,S01010637,"4132",Inverness Muirtown - 02,"537","519","352","266156","845401",682,"1"
-4.23445596312939,57.4856494202401,S01010641,"4136",Inverness Merkinch - 01,"1015","1015","531","266144","846140",240,"1"
-4.24035800363748,57.4855805871578,S01010642,"4137",Inverness Merkinch - 02,"978","978","451","265790","846144",436,"1"
-4.24264163910378,57.4918028479057,S01010643,"4138",Inverness Merkinch - 03,"741","741","287","265676","846841",174,"1"
-4.24049745101164,57.4900348981079,S01010644,"4139",Inverness Merkinch - 04,"672","665","346","265798","846640",8,"1"
-4.22697866776493,57.7012124888161,S01010735,"4230",Alness - 04,"644","644","244","267380","870116",628,"1"
-4.18010881933688,57.6945982531094,S01010740,"4235",Invergordon - 01,"507","507","260","270149","869289",216,"1"
-3.91579751689044,57.7548681793789,S01010751,"4246",Seaboard - 06,"745","745","333","286091","875521",689,"1"
-3.08137938391152,58.4337533315884,S01010778,"4273",Wick South - 03,"491","491","239","336955","950002",215,"1"
-3.0831688281645,58.4451721518271,S01010784,"4279",Wick North - 03,"743","743","345","336871","951275",659,"1"
-4.81623345626256,55.958958467479,S01010842,"4337","Gourock Central, Upper East and IRH - 01","899","899","613","224290","677576",497,"1"
-4.81572309320768,55.9428895938461,S01010848,"4343","Braeside, Branchton, Lower Larkfield and Ravenscraig - 01","665","665","260","224249","675787",630,"1"
-4.82078258171907,55.9437445783702,S01010849,"4344","Braeside, Branchton, Lower Larkfield and Ravenscraig - 02","951","951","364","223937","675895",493,"1"
-4.82316780333221,55.9437258803255,S01010850,"4345","Braeside, Branchton, Lower Larkfield and Ravenscraig - 03","872","801","373","223788","675899",652,"1"
-4.82711269105116,55.9442286362128,S01010851,"4346","Braeside, Branchton, Lower Larkfield and Ravenscraig - 04","814","814","347","223544","675965",613,"1"
-4.80765455837237,55.9376357037037,S01010854,"4349","Braeside, Branchton, Lower Larkfield and Ravenscraig - 07","923","923","384","224729","675182",644,"1"
-4.79524983075418,55.9495040613897,S01010859,"4354","Lower Bow and Larkfield, Fancy Farm, Mallard Bowl - 04","734","734","304","225557","676471",562,"1"
-4.78412861023894,55.9449920980048,S01010861,"4356","Lower Bow and Larkfield, Fancy Farm, Mallard Bowl - 06","649","649","332","226231","675941",374,"1"
-4.78659728168255,55.9463564357257,S01010862,"4357","Lower Bow and Larkfield, Fancy Farm, Mallard Bowl - 07","540","540","266","226083","676099",17,"1"
-4.7656299899059,55.9499570352677,S01010873,"4368",Greenock West and Central - 04,"547","547","400","227408","676447",101,"1"
-4.78891653212394,55.9389603625952,S01010880,"4375","Bow Farm, Barrs Cottage, Cowdenknowes and Overton - 03","549","549","268","225905","675282",226,"1"
-4.76599425967133,55.9424884823964,S01010884,"4379",Greenock Upper Central - 01,"723","723","408","227352","675617",304,"1"
-4.75823649699227,55.9439837729858,S01010885,"4380",Greenock Upper Central - 02,"958","946","541","227843","675764",133,"1"
-4.7634900513057,55.9442075560912,S01010887,"4382",Greenock Upper Central - 04,"821","821","458","227516","675802",407,"1"
-4.76778104248735,55.9453066502964,S01010888,"4383",Greenock Upper Central - 05,"768","768","437","227253","675935",676,"1"
-4.76995545905118,55.9461476148616,S01010889,"4384",Greenock Upper Central - 06,"524","524","344","227121","676034",206,"1"
-4.76265134953088,55.9470487302256,S01010890,"4385",Greenock Town Centre and East Central - 01,"769","769","507","227581","676116",94,"1"
-4.7598740264779,55.950113126252,S01010891,"4386",Greenock Town Centre and East Central - 02,"425","397","280","227768","676450",1,"1"
-4.75986035218515,55.9463203292056,S01010892,"4387",Greenock Town Centre and East Central - 03,"834","819","531","227752","676028",289,"1"
-4.7541841074996,55.9444340032661,S01010893,"4388",Greenock Town Centre and East Central - 04,"520","511","327","228098","675804",19,"1"
-4.73524225053351,55.9424832520547,S01010894,"4389",Greenock Town Centre and East Central - 05,"688","596","312","229272","675540",580,"1"
-4.73585454268696,55.9414000330818,S01010895,"4390",Greenock Town Centre and East Central - 06,"411","411","256","229229","675421",218,"1"
-4.74074664743973,55.939916022812,S01010896,"4391",Greenock Town Centre and East Central - 07,"667","667","339","228917","675268",311,"1"
-4.74487886062616,55.9365252351001,S01010897,"4392",Greenock Town Centre and East Central - 08,"836","836","380","228644","674901",267,"1"
-4.74078662958152,55.933003041829,S01010898,"4393",Greenock East - 01,"596","596","253","228884","674499",290,"1"
-4.73381297837306,55.9347040745033,S01010900,"4395",Greenock East - 03,"688","688","298","229327","674671",368,"1"
-4.73991133976108,55.9357999439777,S01010901,"4396",Greenock East - 04,"465","465","205","228951","674808",156,"1"
-4.7302614121877,55.9402118628635,S01010903,"4398",Greenock East - 06,"793","793","427","229573","675275",51,"1"
-4.72390707151617,55.9382133459461,S01010904,"4399",Greenock East - 07,"538","528","271","229961","675037",57,"1"
-4.69835722222282,55.9348929074439,S01010910,"4405","Port Glasgow Upper, West and Central - 04","500","500","273","231542","674605",184,"1"
-4.68875600518195,55.9342940152044,S01010911,"4406","Port Glasgow Upper, West and Central - 05","541","541","360","232139","674515",346,"1"
-4.68479344161148,55.9318727402624,S01010912,"4407","Port Glasgow Upper, West and Central - 06","674","674","392","232376","674236",279,"1"
-4.6746816654157,55.9315175894288,S01010916,"4411","Port Glasgow Mid, East and Central - 01","576","576","333","233006","674172",293,"1"
-4.65438181840925,55.92991660977,S01010920,"4415","Port Glasgow Mid, East and Central - 05","591","591","254","234267","673945",403,"1"
-4.66108121082073,55.923713862259,S01010922,"4417","Port Glasgow Mid, East and Central - 07","865","821","346","233822","673271",423,"1"
-4.6467890543689,55.9223501736321,S01010929,"4424",Port Glasgow Upper East - 07,"660","660","271","234709","673085",638,"1"
-3.06938254863756,55.8924471573774,S01011010,"4505",Dalkeith - 01,"569","558","335","333218","667108",404,"1"
-3.06564783155371,55.8950314136413,S01011011,"4506",Dalkeith - 02,"768","753","435","333456","667392",336,"1"
-3.0581863405403,55.8935053523283,S01011012,"4507",Dalkeith - 03,"722","722","313","333920","667215",207,"1"
-3.27970454299385,57.6445361776716,S01011092,"4587","Heldon West, Fogwatt to Inchberry - 02","465","465","181","323709","862346",560,"1"
-4.59004619412736,55.6143613858076,S01011180,"4675",Springside and Rural - 03,"670","670","301","236972","638685",566,"1"
-4.63177850120097,55.6173732424684,S01011196,"4691",Irvine Bourtreehill - 01,"903","903","409","234357","639119",412,"1"
-4.67204751383353,55.6291219106065,S01011216,"4711",Irvine Castlepark North - 05,"482","482","240","231872","640523",319,"1"
-4.6702755259329,55.6282976152525,S01011217,"4712",Irvine Castlepark South - 01,"799","799","380","231980","640427",439,"1"
-4.66767682449167,55.623958768163,S01011218,"4713",Irvine Castlepark South - 02,"700","696","282","232125","639938",650,"1"
-4.66276168498216,55.625971221473,S01011219,"4714",Irvine Castlepark South - 03,"782","782","352","232443","640150",655,"1"
-4.65869615488094,55.6271650624758,S01011220,"4715",Irvine Castlepark South - 04,"889","889","425","232704","640273",661,"1"
-4.66409577151298,55.6217535513179,S01011225,"4720",Irvine Central - 01,"697","697","327","232341","639684",348,"1"
-4.66978422438626,55.6166410994197,S01011227,"4722",Irvine Central - 03,"709","709","397","231961","639129",338,"1"
-4.66016896592556,55.6118615209549,S01011229,"4724",Irvine Fullarton - 01,"535","510","286","232546","638574",414,"1"
-4.66459226149865,55.6084755984982,S01011230,"4725",Irvine Fullarton - 02,"980","886","500","232253","638208",82,"1"
-4.66889533214168,55.6089392496723,S01011231,"4726",Irvine Fullarton - 03,"604","604","298","231984","638270",331,"1"
-4.67802315836144,55.6095940493745,S01011232,"4727",Irvine Fullarton - 04,"915","874","513","231412","638365",254,"1"
-4.7446753786336,55.6314545126458,S01011234,"4729",Stevenston Ardeer - 02,"1031","1031","456","227311","640961",537,"1"
-4.74973591449149,55.6336063024896,S01011235,"4730",Stevenston Ardeer - 03,"384","384","195","227002","641213",198,"1"
-4.78039683586073,55.63866767747,S01011238,"4733",Saltcoats Central - 02,"644","644","334","225095","641853",225,"1"
-4.77951163364098,55.6355955547456,S01011239,"4734",Saltcoats Central - 03,"717","689","427","225137","641509",250,"1"
-4.78650325669821,55.6358143715079,S01011240,"4735",Saltcoats Central - 04,"690","684","481","224698","641551",23,"1"
-4.81343301559491,55.6412758757252,S01011243,"4738",Ardrossan Central - 02,"881","862","545","223028","642227",71,"1"
-4.80869478849253,55.6445756277027,S01011244,"4739",Ardrossan Central - 03,"666","666","409","223341","642582",127,"1"
-4.80364816186087,55.6482417882681,S01011245,"4740",Ardrossan Central - 04,"848","846","446","223675","642977",383,"1"
-4.80109162714832,55.6542868464197,S01011252,"4747",Ardrossan North East - 03,"825","825","344","223863","643643",598,"1"
-4.75856955437607,55.6381090152594,S01011270,"4765",Stevenston North West - 04,"680","680","349","226466","641736",550,"1"
-4.75287796232351,55.6428302079889,S01011272,"4767",Stevenston Hayocks - 01,"728","728","380","226845","642247",451,"1"
-4.70024399810076,55.6468319699956,S01011292,"4787",Kilwinning West and Blacklands - 04,"697","692","332","230174","642562",433,"1"
-4.70289842112392,55.6530565631532,S01011294,"4789",Kilwinning Central and North - 01,"863","833","487","230034","643261",499,"1"
-4.72100318659174,55.7068219552671,S01011302,"4797",Dalry East and Rural - 04,"856","856","522","229130","649287",356,"1"
-4.73382269033424,55.7091617314699,S01011304,"4799",Dalry West - 02,"708","708","282","228335","649579",636,"1"
-4.8635517476293,55.7963813379563,S01011325,"4820",Largs Central and Cumbrae - 04,"737","737","472","220588","659611",693,"1"
-4.68999167591564,55.752178773935,S01011343,"4838",Kilbirnie South and Longbar - 01,"826","826","434","231274","654257",680,"1"
-3.92882310680845,55.7620697594627,S01011361,"4856",Overtown - 05,"537","537","343","279068","653765",53,"1"
-3.96746368806242,55.7738317822302,S01011372,"4867",Muirhouse - 05,"667","667","411","276681","655142",132,"1"
-3.96704173992705,55.7781072906188,S01011373,"4868",Muirhouse and Knowetop - 01,"674","674","350","276721","655617",489,"1"
-3.95214470038686,55.7796390218512,S01011383,"4878",Craigneuk Wishaw - 02,"686","686","394","277660","655761",49,"1"
-3.94610557928352,55.7803729007712,S01011384,"4879",Craigneuk Wishaw - 03,"734","734","328","278041","655832",55,"1"
-3.93596464794975,55.7784751503244,S01011385,"4880",Craigneuk Wishaw - 04,"957","957","441","278671","655603",273,"1"
-3.94067878641181,55.7773942486606,S01011386,"4881",Craigneuk Wishaw - 05,"648","588","208","278372","655491",212,"1"
-3.94751974844875,55.7777173556215,S01011387,"4882",Craigneuk Wishaw - 06,"834","810","366","277944","655539",153,"1"
-3.90789564449206,55.7718596741636,S01011398,"4893",Wishaw South - 06,"779","775","322","280411","654818",260,"1"
-3.90746201657706,55.7884289882454,S01011409,"4904",Coltness - 02,"839","839","362","280489","656661",471,"1"
-3.88861430686765,55.7908320228431,S01011420,"4915",Newmains - 04,"491","491","250","281678","656896",157,"1"
-3.87441901261865,55.7868616236718,S01011423,"4918",Newmains - 07,"570","570","221","282556","656430",295,"1"
-3.77403005953402,55.8115909293165,S01011438,"4933",Stane - 04,"544","544","241","288921","659016",424,"1"
-3.9689290568935,55.8092257159908,S01011465,"4960",Carfin and Cleekhimin - 02,"547","547","223","276701","659083",386,"1"
-3.98136002832961,55.7937931423753,S01011472,"4967",Motherwell South - 02,"880","880","535","275873","657388",263,"1"
-3.99079429102318,55.7860915568086,S01011473,"4968",Motherwell South - 03,"666","662","431","275257","656548",192,"1"
-3.98924452622826,55.7841574761362,S01011474,"4969",Motherwell South - 04,"798","798","481","275348","656330",673,"1"
-3.99144207314131,55.7837803742959,S01011475,"4970",Motherwell South - 05,"605","605","391","275209","656292",104,"1"
-4.00714658077789,55.7939589064547,S01011485,"4980",Motherwell West - 05,"965","965","371","274257","657453",643,"1"
-4.01153646199013,55.79650237999,S01011486,"4981",Motherwell North - 01,"569","562","235","273990","657744",397,"1"
-4.00783659136972,55.7977671544591,S01011488,"4983",Motherwell North - 03,"697","697","284","274226","657878",205,"1"
-4.00321359786179,55.8028123975004,S01011491,"4986",Forgewood - 02,"514","514","262","274532","658431",450,"1"
-3.99964835401303,55.8036073813321,S01011492,"4987",Forgewood - 03,"760","760","395","274758","658513",147,"1"
-4.00213841799257,55.8064246701898,S01011496,"4991",Forgewood - 07,"649","649","308","274611","658831",387,"1"
-3.97072598814174,55.8176265245362,S01011501,"4996",Holytown - 05,"673","673","325","276615","660021",209,"1"
-4.02056853328723,55.8122699768988,S01011512,"5007",Orbiston - 01,"951","951","482","273475","659515",146,"1"
-4.01619102667496,55.8094032004734,S01011513,"5008",Orbiston - 02,"774","774","358","273740","659188",329,"1"
-4.02967595841238,55.814618198372,S01011520,"5015",Bellshill South - 02,"596","596","273","272912","659793",634,"1"
-4.02183351480967,55.8258911227501,S01011529,"5024",Bellshill Central - 02,"529","529","291","273440","661033",321,"1"
-4.05311665543551,55.8223978104158,S01011533,"5028",Fallside - 02,"683","626","315","271469","660702",297,"1"
-4.06339049673729,55.8261889553659,S01011535,"5030",Fallside - 04,"940","862","467","270838","661143",237,"1"
-4.06041439944711,55.8272723697399,S01011539,"5034",Viewpark - 01,"738","738","312","271028","661258",671,"1"
-4.06111161056851,55.8344142382261,S01011543,"5038",Viewpark - 05,"810","810","325","271008","662054",517,"1"
-4.0517182813991,55.8479799028413,S01011559,"5054",Kirkwood and Bargeddie - 07,"620","620","246","271641","663546",402,"1"
-4.04613799094655,55.8503106863421,S01011562,"5057",Kirkshaws - 01,"647","647","270","271998","663795",581,"1"
-4.03278600788571,55.8445647964528,S01011566,"5061",Kirkshaws - 05,"917","917","374","272815","663131",466,"1"
-4.01983513582736,55.8520129291242,S01011571,"5066",Dundyvan - 03,"649","649","389","273650","663936",200,"1"
-4.04938407282906,55.8534021386894,S01011576,"5071",Dundyvan - 08,"897","779","374","271805","664145",201,"1"
-4.03699511690461,55.8590631722557,S01011581,"5076",Coatbridge West - 02,"802","789","463","272599","664752",98,"1"
-4.04616152947506,55.8668556547149,S01011586,"5081",Townhead - 02,"578","556","239","272051","665636",640,"1"
-4.05405968380739,55.8768972653632,S01011591,"5086",Townhead - 07,"597","597","268","271590","666768",298,"1"
-4.02696081670816,55.8685755345661,S01011592,"5087",Sunnyside and Cliftonville - 01,"705","705","353","273258","665792",696,"1"
-4.02090173917699,55.86208781195,S01011598,"5093",Cliftonville - 01,"785","785","544","273616","665059",3,"1"
-4.02043996236137,55.8476622605464,S01011603,"5098",Shawhead and Whifflet - 02,"791","791","443","273598","663453",426,"1"
-4.00489514817023,55.8547558948039,S01011609,"5104",Greenend and Carnbroe - 04,"970","970","479","274594","664214",36,"1"
-4.00146458759277,55.8545332004703,S01011610,"5105",Greenend and Carnbroe - 05,"833","833","362","274808","664183",405,"1"
-3.95673858075756,55.8613908084848,S01011631,"5126",Petersburn - 02,"628","628","245","277629","664866",362,"1"
-3.95262704034712,55.8619324371849,S01011632,"5127",Petersburn - 03,"754","754","315","277888","664919",648,"1"
-3.96905182515221,55.8606191786847,S01011636,"5131",Gartlea - 01,"720","720","283","276856","664802",622,"1"
-3.98899978949551,55.8685391670407,S01011655,"5150",Thrashbush - 01,"846","846","471","275633","665719",317,"1"
-3.99502692467891,55.8707511853761,S01011656,"5151",Thrashbush - 02,"608","608","287","275263","665976",100,"1"
-3.98739957216583,55.8713149791662,S01011657,"5152",Thrashbush - 03,"514","514","281","275742","666025",129,"1"
-3.97319017656441,55.8785623007485,S01011663,"5158",Airdrie North - 01,"961","961","428","276654","666806",377,"1"
-3.98019756339839,55.8705054677959,S01011665,"5160",Airdrie North - 03,"850","850","428","276190","665922",649,"1"
-3.97682141644083,55.8707484819794,S01011666,"5161",Airdrie North - 04,"853","853","454","276402","665943",376,"1"
-3.96947809193052,55.8740834996904,S01011668,"5163",Airdrie North - 06,"1042","1042","429","276872","666301",371,"1"
-3.94759239743338,55.8695700778143,S01011673,"5168",Drumgelloch - 05,"661","661","275","278227","665760",686,"1"
-3.92409939550212,55.8809123444244,S01011678,"5173",Caldercruix and Plains - 04,"464","464","222","279732","666981",505,"1"
-3.88292147822877,55.8912636605934,S01011680,"5175",Caldercruix and Plains - 06,"1100","1100","454","282339","668062",604,"1"
-3.97679504422929,55.9475216290059,S01011749,"5244",Cumbernauld Central - 06,"769","769","370","276648","674486",507,"1"
-3.45243344662154,56.4062395700496,S01011918,"5413","Hillyland, Tulloch and Inveralmond - 01","786","786","368","310467","724725",540,"1"
-3.44047542858441,56.4088588955859,S01011931,"5426",Muirton - 01,"625","625","250","311211","725001",408,"1"
-3.3336695437743,56.5984199552263,S01011986,"5481",Blairgowrie East (Rattray) - 03,"666","664","320","318211","745966",592,"1"
-4.52909058542674,55.8262896299217,S01012038,"5533",Johnstone South West - 02,"932","932","366","241671","662122",193,"1"
-4.53227785565836,55.827176753088,S01012043,"5538",Johnstone North West - 01,"926","926","380","241475","662228",675,"1"
-4.52611525489921,55.8318694979518,S01012044,"5539",Johnstone North West - 02,"892","892","474","241880","662736",603,"1"
-4.51094380850639,55.8345891110004,S01012047,"5542",Johnstone North East - 01,"932","932","548","242841","663004",531,"1"
-4.50985123290307,55.8374606157443,S01012048,"5543",Johnstone North East - 02,"769","740","402","242921","663321",533,"1"
-4.45558464386476,55.8466635351467,S01012064,"5559",Paisley Ferguslie - 02,"653","653","276","246355","664223",124,"1"
-4.45640610862607,55.8442383854869,S01012065,"5560",Paisley Ferguslie - 03,"624","624","261","246294","663955",86,"1"
-4.45204715333596,55.8478216507007,S01012067,"5562",Paisley Ferguslie - 05,"534","534","250","246581","664344",9,"1"
-4.45088904287769,55.8515027618566,S01012068,"5563",Paisley Ferguslie - 06,"538","538","268","246668","664751",4,"1"
-4.44494514949429,55.8487000230129,S01012069,"5564",Paisley Ferguslie - 07,"479","479","292","247029","664426",89,"1"
-4.43812041255163,55.8461032001572,S01012070,"5565",Paisley North West - 01,"710","710","449","247446","664122",316,"1"
-4.43838046622815,55.8431141036437,S01012071,"5566",Paisley North West - 02,"1057","1057","692","247418","663790",271,"1"
-4.44529632116617,55.8415747006006,S01012072,"5567",Paisley North West - 03,"1107","1107","722","246979","663634",264,"1"
-4.46369439967467,55.8299095826175,S01012080,"5575",Paisley West - 07,"809","809","352","245781","662377",697,"1"
-4.46917452952589,55.8274357904553,S01012081,"5576",Paisley Foxbar - 01,"737","737","387","245428","662114",252,"1"
-4.46327894489803,55.825864326624,S01012082,"5577",Paisley Foxbar - 02,"620","620","323","245791","661926",532,"1"
-4.46901310204042,55.8233764568076,S01012083,"5578",Paisley Foxbar - 03,"749","690","383","245422","661662",312,"1"
-4.41376939734023,55.8333984135069,S01012111,"5606",Paisley South East - 04,"558","558","309","248921","662655",418,"1"
-4.4052159709668,55.8430659836448,S01012125,"5620",Paisley East - 06,"782","782","504","249494","663712",342,"1"
-4.41210763087885,55.8444679424094,S01012135,"5630",Paisley North East - 02,"878","878","570","249068","663883",203,"1"
-4.40603818218434,55.8540418339804,S01012147,"5642",Paisley Gallowhill and Hillington - 02,"753","753","407","249485","664935",521,"1"
-4.40845746497093,55.8551808649414,S01012148,"5643",Paisley Gallowhill and Hillington - 03,"756","756","364","249338","665067",509,"1"
-4.40795811485576,55.857698191291,S01012150,"5645",Paisley Gallowhill and Hillington - 05,"778","778","359","249379","665346",413,"1"
-4.4095715413812,55.8600123689712,S01012152,"5647",Paisley Gallowhill and Hillington - 07,"744","744","362","249287","665607",358,"1"
-4.42316213474883,55.8511442686853,S01012153,"5648",Paisley North - 01,"538","538","329","248402","664650",516,"1"
-4.4284787532135,55.8510843766123,S01012154,"5649",Paisley North - 02,"777","777","513","248069","664655",620,"1"
-4.43080266113243,55.8512002608481,S01012155,"5650",Paisley North - 03,"546","546","357","247924","664673",578,"1"
-4.43274994062749,55.8547478543223,S01012156,"5651",Paisley North - 04,"606","605","372","247816","665072",626,"1"
-4.40412541391355,55.8670483516273,S01012161,"5656",Renfrew West - 03,"457","457","208","249655","666378",488,"1"
-4.40386054628201,55.8785396693211,S01012165,"5660",Renfrew West - 07,"921","921","452","249716","667656",672,"1"
-4.50255350231175,55.8444402430105,S01012217,"5712",Linwood South - 01,"560","560","267","243406","664081",683,"1"
-4.50430149497696,55.8462831293504,S01012218,"5713",Linwood South - 02,"487","487","228","243304","664290",547,"1"
-4.49399722307547,55.84678019891,S01012220,"5715",Linwood South - 04,"629","629","367","243951","664322",523,"1"
-2.77656150160045,55.6103052028696,S01012287,"5782",Gala - Langlee - Central,"980","980","479","351179","635463",277,"1"
-2.76583103453364,55.4358452180065,S01012359,"5854",Hawick - Burnfoot - South East,"785","785","367","351641","616040",564,"1"
-2.77090584696099,55.435112481384,S01012360,"5855",Hawick - Burnfoot - Central,"808","808","324","351319","615962",619,"1"
-4.85299028562472,55.2365077371594,S01012425,"5920",Girvan Glendoune - 02,"626","626","307","218691","597301",529,"1"
-4.85114828698753,55.2345102040655,S01012426,"5921",Girvan Glendoune - 03,"493","493","237","218799","597074",510,"1"
-4.85176265640037,55.2325451040483,S01012427,"5922",Girvan Glendoune - 04,"674","674","300","218751","596857",692,"1"
-4.62477173923438,55.4699314170054,S01012489,"5984","Ayr North Harbour, Wallacetown and Newton South - 03","1052","1023","553","234178","622699",20,"1"
-4.63096172980295,55.4671287525734,S01012490,"5985","Ayr North Harbour, Wallacetown and Newton South - 04","978","978","606","233775","622402",265,"1"
-4.62343598964219,55.4664994727898,S01012491,"5986","Ayr North Harbour, Wallacetown and Newton South - 05","440","440","245","234248","622314",44,"1"
-4.62451350515501,55.4648584139835,S01012492,"5987","Ayr North Harbour, Wallacetown and Newton South - 06","772","772","490","234173","622134",13,"1"
-4.59818986170022,55.4680274110465,S01012496,"5991",Dalmilling - 01,"765","765","314","235850","622424",518,"1"
-4.59574573266019,55.4715219064406,S01012497,"5992",Dalmilling - 02,"487","487","231","236019","622807",354,"1"
-4.59133225000774,55.4700964602596,S01012498,"5993",Dalmilling - 03,"857","857","343","236292","622638",178,"1"
-4.60489605395455,55.4735025167116,S01012500,"5995","Lochside, Braehead and Whitletts - 01","468","468","217","235449","623049",481,"1"
-4.59507179863402,55.4730642521889,S01012501,"5996","Lochside, Braehead and Whitletts - 02","619","619","260","236068","622977",62,"1"
-4.60997200529393,55.4720100211647,S01012502,"5997","Lochside, Braehead and Whitletts - 03","832","832","360","235122","622895",114,"1"
-4.60067795919452,55.4719294510862,S01012503,"5998","Lochside, Braehead and Whitletts - 04","637","637","308","235709","622864",349,"1"
-4.65666524404452,55.5548958850763,S01012559,"6054",Barassie - 03,"767","767","457","232524","632228",549,"1"
-3.8307716587882,55.7349391444976,S01012610,"6105",Carluke East - 05,"949","920","425","285140","650579",618,"1"
-3.78036116954524,55.5973490586341,S01012640,"6135","Douglas, Coalburn and Rigside - 04","944","942","439","287912","635186",177,"1"
-3.88011717045321,55.6299466838469,S01012642,"6137",Lesmahagow - 01,"804","804","380","281725","638979",588,"1"
-3.92115009022875,55.6673071529015,S01012651,"6146",Kirkmuirhill and Blackwood - 05,"649","649","327","279257","643207",641,"1"
-3.95446311360685,55.7317112581028,S01012666,"6161",Hareleeshill - 02,"650","650","337","277364","650432",396,"1"
-3.959333921083,55.7329277418394,S01012667,"6162",Hareleeshill - 03,"580","580","279","277062","650576",341,"1"
-3.97160110605863,55.7247869471922,S01012672,"6167",Strutherhill - 02,"722","722","361","276266","649692",447,"1"
-3.97622099004263,55.7273458391383,S01012673,"6168",Strutherhill - 03,"582","582","252","275984","649985",457,"1"
-3.97191906813856,55.7288798752192,S01012674,"6169",Strutherhill - 04,"582","582","240","276259","650148",262,"1"
-3.97090424555217,55.7314933872875,S01012675,"6170",Strutherhill - 05,"766","766","361","276331","650437",306,"1"
-4.0437546096305,55.762269282279,S01012711,"6206",Low Waters - 04,"821","768","435","271858","653994",561,"1"
-4.05047028768688,55.7663183715014,S01012722,"6217",Laighstonehall - 02,"742","742","413","271450","654457",608,"1"
-4.04852422537291,55.7684178518284,S01012723,"6218",Laighstonehall - 03,"688","688","358","271579","654687",475,"1"
-4.05857855655202,55.7625879349953,S01012727,"6222",Fairhill - 02,"708","708","294","270929","654057",363,"1"
-4.05396144834669,55.764202015155,S01012728,"6223",Fairhill - 03,"814","814","339","271224","654228",134,"1"
-4.07762545151202,55.7724586231771,S01012748,"6243",Hillhouse - 02,"829","829","369","269767","655191",149,"1"
-4.08821551605956,55.7737170144682,S01012749,"6244",Hillhouse - 03,"876","876","387","269107","655351",576,"1"
-4.09467300190036,55.7868002573719,S01012755,"6250",High Blantyre - 04,"524","499","280","268746","656819",249,"1"
-4.07918503180762,55.7885730397677,S01012780,"6275",Burnbank North - 07,"731","731","346","269723","656987",300,"1"
-4.0771263288185,55.7759630653637,S01012782,"6277",Burnbank Central and Udston - 02,"614","614","313","269810","655580",222,"1"
-4.07443903449618,55.7773026102122,S01012783,"6278",Burnbank Central and Udston - 03,"698","698","322","269983","655724",498,"1"
-4.07312872558252,55.7796523821311,S01012785,"6280",Burnbank Central and Udston - 05,"733","711","388","270073","655983",208,"1"
-4.06719225334976,55.7804713629515,S01012786,"6281",Burnbank Central and Udston - 06,"692","692","423","270448","656063",76,"1"
-4.0587894091439,55.767491334046,S01012788,"6283",Burnbank South and Chantinghall - 01,"615","615","259","270932","654603",591,"1"
-4.05308793909126,55.7794137164464,S01012793,"6288",Whitehill - 01,"767","635","363","271329","655919",484,"1"
-4.06216155563122,55.7851572706782,S01012795,"6290",Whitehill - 03,"1052","1029","439","270779","656575",645,"1"
-4.14234014474785,55.8148630562798,S01012819,"6314","Halfway, Hallside and Drumsagard - 06","735","735","365","265854","660033",292,"1"
-4.14598507534521,55.8129391119771,S01012822,"6317",Westburn and Newton - 02,"474","474","256","265619","659826",468,"1"
-4.1550162715477,55.8189553483681,S01012826,"6321",Westburn and Newton - 06,"599","599","231","265074","660513",155,"1"
-4.13998848918937,55.8211591151333,S01012829,"6324",Westburn and Newton - 09,"865","865","362","266023","660729",243,"1"
-4.1772488150884,55.8077429408353,S01012837,"6332",Whitlawburn and Greenlees - 02,"735","735","414","263642","659309",257,"1"
-4.1800562454632,55.8077201522123,S01012838,"6333",Whitlawburn and Greenlees - 03,"917","917","528","263466","659312",63,"1"
-4.1689252353461,55.8204812708712,S01012846,"6341",Cambuslang Central - 04,"926","926","543","264208","660710",690,"1"
-4.20990768132156,55.8292689352531,S01012858,"6353",Farme Cross and Gallowflat North - 03,"696","689","422","261672","661769",554,"1"
-4.21716780567288,55.8269363245657,S01012862,"6357",Shawfield and Clincarthill - 03,"588","588","369","261209","661524",214,"1"
-4.21324074840321,55.827510379168,S01012863,"6358",Shawfield and Clincarthill - 04,"621","621","424","261457","661580",381,"1"
-4.21921715305522,55.8298381852917,S01012864,"6359",Shawfield and Clincarthill - 05,"775","775","469","261091","661851",474,"1"
-4.22657670428079,55.82701790513,S01012867,"6362",Burnhill and Bankhead North - 03,"720","720","396","260620","661552",559,"1"
-4.22753290240381,55.8292204438485,S01012869,"6364",Burnhill and Bankhead North - 05,"546","546","257","260568","661799",210,"1"
-4.19019384897003,55.8083578150537,S01012883,"6378",Burnside and Springhall - 02,"634","634","378","262833","659403",190,"1"
-4.18891278981092,55.8111217689633,S01012885,"6380",Burnside and Springhall - 04,"446","446","270","262923","659708",172,"1"
-4.20687035383236,55.8066575461943,S01012892,"6387",Fernhill and Cathkin - 04,"1107","1107","566","261782","659247",623,"1"
-4.20834375339668,55.8090037464257,S01012893,"6388",Fernhill and Cathkin - 05,"746","746","369","261698","659511",479,"1"
-3.93495357410751,56.1002640674436,S01013053,"6548",Broomridge - 07,"618","615","337","279737","691409",612,"1"
-3.94626123624859,56.1006703719037,S01013057,"6552",Borestone - 04,"870","870","369","279035","691474",473,"1"
-3.95585914279108,56.1269754644945,S01013072,"6567",Raploch - 01,"517","517","227","278521","694418",410,"1"
-3.94807274785506,56.1311335512531,S01013074,"6569",Raploch - 03,"715","711","302","279018","694867",186,"1"
-3.94079838800963,56.1295136298908,S01013075,"6570",Raploch - 04,"868","866","481","279465","694674",41,"1"
-3.93955865558447,56.1342960521299,S01013077,"6572",Cornton - 02,"717","717","297","279557","695204",668,"1"
-3.94016417261879,56.1376924575102,S01013078,"6573",Cornton - 03,"572","572","252","279530","695583",449,"1"
-4.38403968847067,55.8984376657624,S01013126,"6621",IZ01 - 05,"743","743","342","251032","669827",360,"1"
-4.3876826513729,55.899148946604,S01013127,"6622",IZ01 - 06,"853","853","378","250807","669914",454,"1"
-4.4033420704602,55.8991226228832,S01013128,"6623",IZ02 - 01,"624","624","455","249828","669945",607,"1"
-4.40582988292289,55.9093290782238,S01013130,"6625",IZ02 - 03,"710","710","340","249712","671086",269,"1"
-4.39226087391709,55.9056929887428,S01013135,"6630",IZ03 - 02,"771","771","391","250546","670652",60,"1"
-4.38870896329404,55.9072539765556,S01013138,"6633",IZ03 - 05,"704","704","342","250774","670818",58,"1"
-4.39507478951101,55.9103298663395,S01013139,"6634",IZ03 - 06,"878","878","409","250388","671174",330,"1"
-4.39694700713499,55.9121448910079,S01013140,"6635",IZ03 - 07,"816","816","366","250278","671380",602,"1"
-4.40879722094939,55.9104753693206,S01013142,"6637",IZ04 - 02,"863","863","517","249531","671220",669,"1"
-4.39332113640247,55.9301640432205,S01013156,"6651",IZ06 - 05,"865","865","354","250574","673377",515,"1"
-4.42917796928453,55.9121776922449,S01013166,"6661",IZ08 - 03,"642","642","387","248264","671454",112,"1"
-4.43200732564544,55.9128947291491,S01013167,"6662",IZ08 - 04,"655","655","383","248090","671540",238,"1"
-4.4359513167574,55.9193867763155,S01013170,"6665",IZ08 - 07,"528","528","265","247869","672271",503,"1"
-4.58766768266009,55.9450618499353,S01013201,"6696",IZ13 - 03,"741","741","380","238497","675472",96,"1"
-4.59987321962969,55.9484179786477,S01013203,"6698",IZ13 - 05,"717","717","355","237749","675874",595,"1"
-4.59658007719572,55.9504289022052,S01013205,"6700",IZ13 - 07,"629","629","240","237963","676090",117,"1"
-4.56587209143175,55.9799512009518,S01013220,"6715",IZ15 - 07,"696","696","313","240002","679303",670,"1"
-4.584443782466,55.972381508266,S01013222,"6717",IZ15 - 09,"595","595","316","238812","678504",621,"1"
-4.56517993753365,56.0007190413413,S01013238,"6733",IZ18 - 02,"767","767","389","240131","681612",571,"1"
-4.56134729295845,56.0033963170318,S01013239,"6734",IZ18 - 03,"885","885","425","240381","681901",445,"1"
-4.56797558954456,56.0039324596758,S01013240,"6735",IZ18 - 04,"534","534","256","239970","681976",326,"1"
-3.70389396115517,55.8309417631316,S01013248,"6743",Fauldhouse - 06,"629","629","300","293369","661059",555,"1"
-3.50045872146842,55.8985233091333,S01013306,"6801",Craigshill - 04,"931","920","501","306274","668285",278,"1"
-3.52913090031441,55.8992404477618,S01013325,"6820",Ladywell - 03,"915","905","353","304483","668404",539,"1"
-3.5251099705934,55.9108820463525,S01013336,"6831",Knightsridge - 07,"863","863","339","304763","669694",353,"1"
-3.56630798159575,55.9022056810723,S01013344,"6839",Deans - 03,"802","792","356","302166","668786",617,"1"
-3.62881915127484,55.8724772732495,S01013359,"6854",Blackburn - 03,"621","621","298","298180","665568",302,"1"
-3.62328037634965,55.8776365602497,S01013363,"6858",Blackburn - 07,"753","753","390","298540","666134",409,"1"
-3.69356752692668,55.862958529314,S01013372,"6867",Whitburn Central - 01,"1094","1094","489","294103","664606",567,"1"
-3.68641631193711,55.864233949895,S01013374,"6869",Whitburn Central - 03,"959","959","453","294554","664737",325,"1"
-3.69965229322856,55.8932748173637,S01013395,"6890",Armadale South - 04,"728","728","352","293805","667989",45,"1"
-3.64335321477087,55.9040407212539,S01013415,"6910",Bathgate East - 05,"649","649","385","297354","669102",406,"1"
