X,Y,SA2011,SOA2011,X_COORD,Y_COORD,Hectares,LGD2014NAME,2015 Default Urban/Rural,SOA2001_name,"Multiple Deprivation Measure Rank 
(where 1 is most deprived)","Income Domain Rank 
(where 1 is most deprived)",Employment Domain Rank (where 1 is most deprived),Health Deprivation and Disability Domain Rank (where 1 is most deprived),"Education, Skills and Training Domain Rank (where 1 is most deprived)",Access to Services Domain Rank (where 1 is most deprived),Living Environment Domain Rank (where 1 is most deprived),Crime and Disorder Domain Rank (where 1 is most deprived),IMDdeciles
-6.18699415574249,54.7133428888498,N00000064,95AA10W1,316893,386545,6.96641,Antrim and Newtownabbey,Urban,Greystone,150,249,368,518,82,2742,2977,26,"1"
-6.18715650120747,54.710236120153,N00000069,95AA10W1,316892,386199,9.67199,Antrim and Newtownabbey,Urban,Greystone,79,187,195,90,448,1434,3258,8,"1"
-6.20244930430813,54.7210326336794,N00000106,95AA16W1,315876,387375,6.07825,Antrim and Newtownabbey,Urban,Steeple,430,1130,594,218,195,3078,3452,337,"1"
-6.1938711581979,54.7182252945968,N00000117,95AA17W1,316436,387077,5.1755,Antrim and Newtownabbey,Urban,Stiles,166,943,172,8,294,2708,3270,388,"1"
-6.4652358299814,54.7499240470357,N00000129,95AA19W1,298874,390189,54.1983,Antrim and Newtownabbey,Rural,Toome,92,895,45,95,121,1181,2366,1367,"1"
-5.54777605449582,54.6388078261828,N00000219,95BB11S1,358372,379502,8.13165,Ards and North Down,Urban,Donaghadee South_1,374,139,468,1160,692,2155,4073,1583,"1"
-5.54337572828018,54.6385311465752,N00000220,95BB11S1,358658,379481,3.67036,Ards and North Down,Urban,Donaghadee South_1,233,359,460,279,154,2008,2942,969,"1"
-5.69722808656837,54.5966214225234,N00000234,95BB12S1,348879,374480,3.09711,Ards and North Down,Urban,Glen_1,238,184,455,582,156,4425,1162,1396,"1"
-5.66712590722269,54.5882912635429,N00000240,95BB13S1,350855,373617,15.4698,Ards and North Down,Urban,Gregstown_1,189,134,519,813,60,2240,3857,919,"1"
-5.52949327683356,54.6066679251829,N00000287,95BB18S1,359678,375967,5.5399,Ards and North Down,Rural,Millisle_1,386,260,473,830,824,2129,1789,793,"1"
-5.70594484114896,54.5803610748416,N00000332,95BB22S2,348375,372652,4.88248,Ards and North Down,Urban,Scrabo_2,195,129,421,957,112,1808,4050,948,"1"
-5.70320152453468,54.5791236673491,N00000333,95BB22S2,348557,372520,6.85781,Ards and North Down,Urban,Scrabo_2,309,1283,284,342,200,1730,1218,393,"1"
-6.67375940457975,54.3452689685434,N00000356,95CC03W1,286297,344873,22.2985,"Armagh City, Banbridge and Craigavon",Urban,Callan Bridge,454,549,530,314,859,3336,1049,759,"1"
-6.67714773049667,54.3517454500433,N00000358,95CC03W1,286063,345590,22.768,"Armagh City, Banbridge and Craigavon",Urban,Callan Bridge,371,175,568,776,839,2751,1505,801,"1"
-6.65498000535671,54.3478616916459,N00000359,95CC03W1,287513,345185,30.9775,"Armagh City, Banbridge and Craigavon",Urban,Callan Bridge,205,180,357,788,509,3768,181,81,"1"
-6.67326691983578,54.2161592302506,N00000365,95CC04W1,286599,330503,403.096,"Armagh City, Banbridge and Craigavon",Rural,Carrigatuke,365,44,1256,1623,1651,650,194,2047,"1"
-6.65577020515674,54.3547581614651,N00000448,95CC18W1,287447,345951,8.85598,"Armagh City, Banbridge and Craigavon",Urban,Observatory,359,408,497,395,553,3824,349,1217,"1"
-6.64369590068021,54.3480389151942,N00000475,95CC22W1,288246,345218,6.80341,"Armagh City, Banbridge and Craigavon",Urban,The Mall,433,56,884,1441,1257,4344,886,638,"1"
-6.2862448520787,54.8653451161291,N00000478,95DD01W1,310084,403303,8.20598,Mid and East Antrim,Urban,Academy,380,75,774,1500,955,3805,564,568,"1"
-6.26957994309095,54.8506533992992,N00000502,95DD04W1,311194,401694,8.37191,Mid and East Antrim,Urban,Ballee,394,1143,226,334,462,2301,4109,600,"1"
-6.26818824974918,54.8460143191226,N00000503,95DD04W1,311296,401180,37.9996,Mid and East Antrim,Urban,Ballee,424,585,616,620,190,2625,1822,1147,"1"
-6.27263442039731,54.8469908192089,N00000504,95DD04W1,311008,401281,6.09376,Mid and East Antrim,Urban,Ballee,108,136,279,221,249,2549,3388,82,"1"
-6.25160159132294,54.8601750985919,N00000507,95DD05W1,312322,402782,5.24275,Mid and East Antrim,Urban,Ballykeel,362,290,551,693,826,1578,2156,252,"1"
-6.25269737805138,54.8653879554987,N00000509,95DD05W1,312237,403361,33.2514,Mid and East Antrim,Urban,Ballykeel,121,85,399,846,139,1828,789,454,"1"
-6.25716900093759,54.8606846974356,N00000510,95DD05W1,311963,402830,19.04,Mid and East Antrim,Urban,Ballykeel,237,203,268,313,771,2076,3474,1199,"1"
-6.27790595466401,54.8633288782943,N00000528,95DD08W1,310625,403091,5.56383,Mid and East Antrim,Urban,Castle Demesne,327,151,1712,774,310,4494,13,223,"1"
-6.27159545991159,54.8822302838939,N00000554,95DD11W1,310978,405205,4.25201,Mid and East Antrim,Urban,Dunclug,383,708,759,622,150,1928,2379,105,"1"
-6.27372174340077,54.879058275724,N00000556,95DD11W1,310850,404849,16.0881,Mid and East Antrim,Urban,Dunclug,400,398,739,699,252,2234,910,1446,"1"
-6.2732875228092,54.8599062683077,N00000597,95DD18W1,310931,402718,3.38086,Mid and East Antrim,Urban,Harryville,267,179,965,954,209,3739,162,163,"1"
-6.27498606185223,54.8608130358813,N00000599,95DD18W1,310819,402816,6.5893,Mid and East Antrim,Urban,Harryville,240,1333,205,230,90,3791,1648,176,"1"
-6.26555539738005,54.8596896081935,N00000615,95DD20W1,311428,402706,6.36146,Mid and East Antrim,Urban,Moat,197,538,102,96,814,3385,3779,460,"1"
-6.49001994131082,55.0679658423618,N00000651,95EE03W1,296514,425556,15.2995,Causeway Coast and Glens,Urban,Carnany,28,141,33,213,57,2656,1220,1003,"1"
-6.50969225312164,55.0744875423124,N00000692,95EE12W1,295242,426255,5.30871,Causeway Coast and Glens,Urban,Newhill,211,307,301,410,106,3068,1966,1703,"1"
-6.5156909501654,55.0684237857531,N00000696,95EE13W1,294873,425572,20.4993,Causeway Coast and Glens,Urban,Route,9,62,32,71,116,4496,344,118,"1"
-6.2741436102368,54.3508076500795,N00000762,95FF07W1,312268,346052,4.31921,"Armagh City, Banbridge and Craigavon",Urban,Edenderry,137,81,242,404,572,3499,1456,281,"1"
-6.27821294550248,54.3513345446425,N00000765,95FF07W1,312002,346104,8.52371,"Armagh City, Banbridge and Craigavon",Urban,Edenderry,302,211,598,389,366,3527,3747,550,"1"
-6.26719235964866,54.3505332344415,N00000824,95FF17W1,312720,346033,18.5852,"Armagh City, Banbridge and Craigavon",Urban,The Cut,209,278,347,282,934,4520,74,55,"1"
-6.00025093118586,54.5729987529667,N00000830,95GG01S1,329372,371252,4.8843,Belfast,Urban,Andersonstown_1,408,4513,44,60,812,4165,2217,781,"1"
-5.99317311645197,54.5743107911439,N00000833,95GG01S2,329826,371411,3.84633,Belfast,Urban,Andersonstown_2,381,233,465,493,1231,4124,1993,293,"1"
-5.96308192207629,54.6167966121599,N00000841,95GG02S1,331634,376195,1.91318,Belfast,Urban,Ardoyne_1,63,532,34,15,234,3533,595,642,"1"
-5.96522456390848,54.6166243079006,N00000842,95GG02S1,331496,376172,4.76577,Belfast,Urban,Ardoyne_1,125,1003,67,33,347,4035,1446,180,"1"
-5.96308714744494,54.6151828282043,N00000844,95GG02S1,331639,376016,1.47334,Belfast,Urban,Ardoyne_1,303,217,290,322,1351,3826,720,2443,"1"
-5.96266298291966,54.6147365167405,N00000845,95GG02S1,331668,375967,1.39068,Belfast,Urban,Ardoyne_1,398,68,802,739,1303,3992,399,4532,"1"
-5.96340018424972,54.6142446609893,N00000846,95GG02S1,331622,375911,2.64357,Belfast,Urban,Ardoyne_1,231,594,146,268,706,4276,261,419,"1"
-5.95777231574644,54.6168228035478,N00000847,95GG02S2,331977,376208,9.34688,Belfast,Urban,Ardoyne_2,39,190,99,50,162,4211,510,218,"1"
-5.96018925156448,54.6165372716506,N00000848,95GG02S2,331822,376172,1.70716,Belfast,Urban,Ardoyne_2,85,54,112,206,815,3730,512,1744,"1"
-5.95968375382137,54.6156973335579,N00000849,95GG02S2,331857,376079,2.11889,Belfast,Urban,Ardoyne_2,133,71,192,145,1288,4088,580,2173,"1"
-5.9606035083872,54.6172664047336,N00000851,95GG02S2,331793,376252,1.72961,Belfast,Urban,Ardoyne_2,34,51,50,93,480,3911,434,1651,"1"
-5.95766677676552,54.614570066694,N00000852,95GG02S3,331991,375957,14.8877,Belfast,Urban,Ardoyne_3,80,342,91,48,280,3420,1972,175,"1"
-5.95216710811923,54.6153805607439,N00000853,95GG02S3,332344,376058,4.18636,Belfast,Urban,Ardoyne_3,190,1291,254,42,117,4224,263,867,"1"
-5.95301161726035,54.6140758973849,N00000854,95GG02S3,332293,375911,8.34379,Belfast,Urban,Ardoyne_3,180,1518,214,73,167,3431,415,76,"1"
-5.90817848202912,54.5996096732592,N00000875,95GG04S1,335237,374387,4.1203,Belfast,Urban,Ballymacarrett_1,295,652,489,195,194,3792,2231,286,"1"
-5.90877297849078,54.5952426021112,N00000876,95GG04S1,335213,373899,5.68239,Belfast,Urban,Ballymacarrett_1,325,1319,139,226,469,3917,1706,479,"1"
-5.90505240686043,54.6008917060069,N00000877,95GG04S1,335435,374535,5.43909,Belfast,Urban,Ballymacarrett_1,324,238,846,439,129,3502,4308,1129,"1"
-5.90447760430996,54.5991669694875,N00000878,95GG04S2,335478,374344,4.86157,Belfast,Urban,Ballymacarrett_2,154,1935,196,31,12,4374,3883,35,"1"
-5.90001845751468,54.5984195168246,N00000882,95GG04S3,335769,374270,3.56803,Belfast,Urban,Ballymacarrett_3,35,130,138,318,21,3319,890,36,"1"
-5.89596226874941,54.5977696990158,N00000883,95GG04S3,336033,374205,4.36831,Belfast,Urban,Ballymacarrett_3,245,833,372,250,50,3687,1129,899,"1"
-5.97095383765128,54.6303157088525,N00000907,95GG06S1,331082,377685,9.17775,Belfast,Urban,Ballysillan_1,274,400,977,328,80,3904,525,362,"1"
-5.97256596582022,54.6248404686739,N00000912,95GG06S1,330996,377073,4.4743,Belfast,Urban,Ballysillan_1,453,97,1309,1734,739,3477,98,924,"1"
-5.96426129987326,54.5878453632171,N00000930,95GG07S1,331651,372971,3.71388,Belfast,Urban,Beechmount_1,294,3716,179,69,160,2781,171,1191,"1"
-5.96388530156961,54.5951656241783,N00000931,95GG07S2,331652,373786,5.6374,Belfast,Urban,Beechmount_2,173,1810,92,25,158,4181,1075,688,"1"
-5.96071567658793,54.5936927301184,N00000932,95GG07S2,331862,373628,11.0447,Belfast,Urban,Beechmount_2,186,171,286,297,779,4533,84,1268,"1"
-5.96663938338219,54.5939632800778,N00000940,95GG07S3,331478,373647,1.89251,Belfast,Urban,Beechmount_3,196,237,355,224,817,4070,56,500,"1"
-5.92077723722817,54.6451410308404,N00000946,95GG08S2,334273,379430,18.9351,Belfast,Urban,Bellevue_2,366,542,848,649,58,3994,1154,456,"1"
-5.95910672196838,54.5863984340487,N00000975,95GG10S1,331989,372819,9.44687,Belfast,Urban,Blackstaff_1,199,437,770,546,45,3264,129,25,"1"
-5.95331438224222,54.5864554156825,N00000976,95GG10S1,332363,372837,1.90431,Belfast,Urban,Blackstaff_1,244,566,433,249,75,3398,3844,434,"1"
-5.95528520153422,54.5868016242306,N00000978,95GG10S1,332235,372871,1.5122,Belfast,Urban,Blackstaff_1,116,13,984,1141,61,3323,99,533,"1"
-5.95643699707616,54.5884961123614,N00000989,95GG10S2,332155,373058,3.61794,Belfast,Urban,Blackstaff_2,280,411,810,702,71,3384,184,491,"1"
-5.92459780318983,54.5857671843674,N00001020,95GG12S3,334222,372814,1.76501,Belfast,Urban,Botanic_3,415,181,1097,672,1193,3557,768,13,"1"
-5.92148731558088,54.5888954730927,N00001028,95GG12S5,334413,373169,5.2959,Belfast,Urban,Botanic_5,235,2995,71,35,334,3906,1669,161,"1"
-5.92088644758984,54.5865954317022,N00001029,95GG12S5,334459,372914,6.53992,Belfast,Urban,Botanic_5,368,461,673,523,328,4091,235,531,"1"
-5.92555636155889,54.5869660203035,N00001030,95GG12S5,334156,372946,8.71487,Belfast,Urban,Botanic_5,378,1192,825,114,350,3020,585,40,"1"
-5.92213109524612,54.6316863853626,N00001033,95GG13S1,334230,377930,4.8988,Belfast,Urban,Castleview_1,14,8,2,103,546,3949,1009,2667,"1"
-5.92766381876902,54.6326309040567,N00001035,95GG13S1,333870,378024,3.35851,Belfast,Urban,Castleview_1,284,196,711,638,177,2809,998,1720,"1"
-5.9451325720426,54.6325274847607,N00001052,95GG14S2,332742,377980,2.0659,Belfast,Urban,Cavehill_2,229,2,556,735,1604,2305,1660,1185,"1"
-5.93799022347478,54.6246354464954,N00001079,95GG16S1,333229,377115,9.41169,Belfast,Urban,Chichester Park_1,275,479,508,286,576,4532,38,196,"1"
-5.95082740740864,54.6177049042723,N00001093,95GG17S1,332423,376319,7.42037,Belfast,Urban,Cliftonville_1,304,1028,288,66,592,2589,1837,671,"1"
-5.95318945132082,54.6176349941293,N00001094,95GG17S1,332270,376307,2.64233,Belfast,Urban,Cliftonville_1,270,486,176,244,1569,3829,605,238,"1"
-5.94813443650489,54.6187933065074,N00001095,95GG17S1,332593,376445,3.73924,Belfast,Urban,Cliftonville_1,282,417,386,319,889,3627,266,159,"1"
-5.9658068033899,54.6206663616457,N00001102,95GG17S3,331446,376621,21.5628,Belfast,Urban,Cliftonville_3,367,1150,319,336,109,4121,3598,692,"1"
-5.96187341952006,54.5975115118174,N00001107,95GG18S1,331774,374051,1.73135,Belfast,Urban,Clonard_1,444,954,342,247,1113,4009,257,670,"1"
-5.96058957971954,54.5956423987739,N00001108,95GG18S1,331863,373845,1.27722,Belfast,Urban,Clonard_1,198,176,265,266,924,4082,1361,172,"1"
-5.96915082368094,54.5995945492441,N00001109,95GG18S1,331297,374269,17.9647,Belfast,Urban,Clonard_1,299,1103,253,166,232,3273,986,1482,"1"
-5.96208115178828,54.6008142214739,N00001110,95GG18S1,331750,374418,3.27862,Belfast,Urban,Clonard_1,172,195,337,198,917,2927,175,358,"1"
-5.96205022917148,54.5989962153716,N00001112,95GG18S1,331758,374216,2.10733,Belfast,Urban,Clonard_1,49,89,53,157,648,4043,262,474,"1"
-5.95415609488089,54.5990804474873,N00001113,95GG18S2,332268,374240,15.702,Belfast,Urban,Clonard_2,451,2031,324,89,621,4509,480,525,"1"
-5.95613856772856,54.5962246821474,N00001116,95GG18S2,332149,373919,4.75534,Belfast,Urban,Clonard_2,259,1343,241,78,612,4537,500,6,"1"
-5.95240075462181,54.6060920102451,N00001117,95GG19S1,332359,375024,8.28284,Belfast,Urban,Crumlin_1,391,348,482,489,499,2903,2534,1630,"1"
-5.95543226498388,54.6057740920869,N00001118,95GG19S1,332164,374983,3.75783,Belfast,Urban,Crumlin_1,54,194,136,169,54,4001,144,824,"1"
-5.94762115766011,54.6053033384933,N00001119,95GG19S1,332670,374945,3.17433,Belfast,Urban,Crumlin_1,283,1138,234,278,74,3695,2744,1016,"1"
-5.95017998553468,54.6050909216482,N00001120,95GG19S1,332505,374917,3.2019,Belfast,Urban,Crumlin_1,316,773,352,267,155,2871,2648,1556,"1"
-5.94752865576227,54.6077571217691,N00001121,95GG19S1,332668,375218,2.83271,Belfast,Urban,Crumlin_1,62,360,29,53,118,3780,2470,1443,"1"
-5.95780500235037,54.6063887217808,N00001122,95GG19S1,332009,375047,6.2535,Belfast,Urban,Crumlin_1,24,200,20,351,15,2859,836,334,"1"
-5.95331901418726,54.6080518189213,N00001125,95GG19S2,332293,375240,5.16099,Belfast,Urban,Crumlin_2,215,104,946,445,56,3492,2533,1000,"1"
-5.94574931485081,54.6127416159551,N00001126,95GG19S2,332767,375776,4.54226,Belfast,Urban,Crumlin_2,17,70,224,21,25,4034,4453,28,"1"
-5.94903353539367,54.6112862677148,N00001127,95GG19S2,332559,375608,15.6095,Belfast,Urban,Crumlin_2,33,108,127,38,168,3191,1412,274,"1"
-5.94506834876999,54.6113021344617,N00001128,95GG19S2,332815,375618,4.07242,Belfast,Urban,Crumlin_2,102,541,88,87,265,3478,1449,106,"1"
-5.92638208294973,54.6142816241876,N00001130,95GG20S1,334013,375985,2.23765,Belfast,Urban,Duncairn_1,68,36,335,275,124,3925,501,288,"1"
-5.92561605523386,54.6118987874313,N00001132,95GG20S1,334070,375721,4.06988,Belfast,Urban,Duncairn_1,266,578,477,215,309,3373,1547,73,"1"
-5.92560094096643,54.6156467635452,N00001136,95GG20S1,334059,376138,4.65407,Belfast,Urban,Duncairn_1,155,90,656,849,66,3912,114,1014,"1"
-5.93220433634828,54.6155472768272,N00001137,95GG20S2,333633,376114,4.49784,Belfast,Urban,Duncairn_2,352,1362,298,151,235,4323,2214,433,"1"
-5.92808995944301,54.6136686993447,N00001138,95GG20S2,333905,375913,2.35649,Belfast,Urban,Duncairn_2,5,19,19,177,16,4205,4323,77,"1"
-5.92786615744336,54.6208602753416,N00001140,95GG20S2,333895,376714,12.8981,Belfast,Urban,Duncairn_2,255,66,682,498,854,4196,745,457,"1"
-5.92985127152064,54.616217517596,N00001143,95GG20S2,333782,376193,4.9074,Belfast,Urban,Duncairn_2,232,123,318,898,263,4319,4151,546,"1"
-5.93058263739155,54.613486228536,N00001144,95GG20S2,333744,375888,8.47267,Belfast,Urban,Duncairn_2,167,328,360,380,78,3688,651,321,"1"
-5.95356227909386,54.5948641190862,N00001145,95GG21S1,332320,373772,14.0159,Belfast,Urban,Falls_1,192,1261,154,94,76,4377,1840,677,"1"
-5.95017046598393,54.5958633746105,N00001146,95GG21S1,332536,373890,3.59461,Belfast,Urban,Falls_1,226,1681,68,74,490,3678,1922,262,"1"
-5.95037114957199,54.59355511756,N00001148,95GG21S1,332531,373632,9.0749,Belfast,Urban,Falls_1,225,2272,148,40,243,3334,1376,98,"1"
-5.94758009320313,54.5929739728683,N00001149,95GG21S1,332713,373573,5.06493,Belfast,Urban,Falls_1,271,840,307,355,91,4101,427,1674,"1"
-5.94262408304028,54.5973168152036,N00001150,95GG21S2,333019,374066,3.81301,Belfast,Urban,Falls_2,206,1794,263,18,69,4220,1100,331,"1"
-5.94891579715887,54.5980427246446,N00001151,95GG21S2,332610,374135,4.32739,Belfast,Urban,Falls_2,214,936,210,152,196,4490,2184,19,"1"
-5.94571178651538,54.5967281133146,N00001152,95GG21S2,332821,373994,4.5807,Belfast,Urban,Falls_2,194,1068,323,129,63,4368,490,167,"1"
-5.94901376251599,54.5971908784645,N00001153,95GG21S2,332606,374040,3.65325,Belfast,Urban,Falls_2,179,2066,186,98,9,4312,1186,237,"1"
-5.94361119052247,54.5998195909691,N00001156,95GG21S3,332947,374342,27.3047,Belfast,Urban,Falls_3,165,687,216,81,226,3634,2440,57,"1"
-5.99146893407593,54.5854325658935,N00001168,95GG22S3,329900,372652,5.26934,Belfast,Urban,Falls Park_3,329,3182,119,84,278,3918,2271,282,"1"
-5.93193837256184,54.6241395434004,N00001195,95GG24S2,333622,377071,2.397,Belfast,Urban,Fortwilliam_2,143,155,271,292,1281,4117,15,71,"1"
-5.99845200729166,54.5851463588721,N00001202,95GG25S1,329450,372607,40.0568,Belfast,Urban,Glen Road_1,51,16,329,26,471,3861,999,413,"1"
-6.00489682000715,54.5781004239292,N00001213,95GG25S3,329055,371811,3.53017,Belfast,Urban,Glen Road_3,290,907,163,139,791,3972,476,1236,"1"
-5.9807590338605,54.619193246588,N00001221,95GG26S1,330485,376429,8.36334,Belfast,Urban,Glencairn_1,98,696,100,272,7,1711,2447,651,"1"
-5.97826791077081,54.6187322998735,N00001222,95GG26S1,330647,376382,5.13621,Belfast,Urban,Glencairn_1,333,682,775,767,33,1815,641,988,"1"
-5.97034738155607,54.6116476505975,N00001226,95GG26S2,331181,375608,2.99516,Belfast,Urban,Glencairn_2,338,113,453,1025,865,4152,1328,850,"1"
-5.97925445281494,54.6161737766002,N00001228,95GG26S2,330591,376096,10.0875,Belfast,Urban,Glencairn_2,301,3579,212,299,6,2056,1421,446,"1"
-6.00987055510861,54.5770919842194,N00001244,95GG27S4,328737,371689,7.38111,Belfast,Urban,Glencolin_4,216,356,272,79,1507,4376,217,246,"1"
-5.97608755322611,54.6024920209222,N00001259,95GG28S3,330840,374579,3.7625,Belfast,Urban,Highfield_3,296,262,393,362,474,3025,1180,3219,"1"
-5.97744016979112,54.5997864807617,N00001260,95GG28S3,330761,374275,6.74828,Belfast,Urban,Highfield_3,286,188,589,609,339,3130,1104,837,"1"
-5.89294208477427,54.6013255116592,N00001266,95GG29S1,336216,374607,2.44816,Belfast,Urban,Island_1,293,2273,208,72,105,3290,4416,497,"1"
-5.89644072812802,54.6002499675446,N00001267,95GG29S1,335994,374480,5.3059,Belfast,Urban,Island_1,162,346,499,181,11,3579,4202,453,"1"
-5.87016100504759,54.588055780021,N00001279,95GG30S1,337733,373174,2.05727,Belfast,Urban,Knock_1,257,304,153,604,1075,1786,1491,1090,"1"
-6.0111029880039,54.5650943721953,N00001298,95GG31S2,328695,370352,7.61665,Belfast,Urban,Ladybrook_2,114,291,222,444,18,4122,769,742,"1"
-6.01328592322532,54.5706996386915,N00001302,95GG31S3,328536,370972,9.50131,Belfast,Urban,Ladybrook_3,84,166,320,56,191,2966,855,395,"1"
-6.0097208677247,54.5678757303849,N00001306,95GG31S3,328776,370664,3.77942,Belfast,Urban,Ladybrook_3,87,536,76,76,279,4207,627,122,"1"
-6.01223210364001,54.5686395041475,N00001307,95GG31S3,328611,370744,5.52046,Belfast,Urban,Ladybrook_3,269,2241,83,122,542,4174,903,100,"1"
-5.98058430358867,54.6294580147118,N00001311,95GG32S1,330463,377572,8.20989,Belfast,Urban,Legoniel_1,281,562,483,261,256,2024,1221,636,"1"
-5.97644155624254,54.6234244374029,N00001316,95GG32S2,330750,376908,6.29899,Belfast,Urban,Legoniel_2,110,49,227,307,823,4266,436,291,"1"
-5.97156817321323,54.6212204206613,N00001322,95GG32S3,331072,376672,4.58868,Belfast,Urban,Legoniel_3,228,204,266,653,393,3423,2143,363,"1"
-5.93000345656779,54.6087562820409,N00001350,95GG35S1,333797,375363,21.3062,Belfast,Urban,New Lodge_1,120,1106,77,165,192,3026,552,49,"1"
-5.9296218396098,54.6065101037516,N00001351,95GG35S1,333829,375113,9.99997,Belfast,Urban,New Lodge_1,423,2931,221,144,365,2929,821,545,"1"
-5.93547088243055,54.6049538945376,N00001353,95GG35S1,333456,374929,6.90253,Belfast,Urban,New Lodge_1,71,2075,4,2,47,3396,2455,184,"1"
-5.93325580676365,54.6098385795951,N00001354,95GG35S2,333583,375477,7.13417,Belfast,Urban,New Lodge_2,47,480,13,17,267,4453,895,392,"1"
-5.93458457060462,54.6121814424989,N00001355,95GG35S2,333490,375735,1.72377,Belfast,Urban,New Lodge_2,384,1292,314,162,579,4448,444,439,"1"
-5.93460890399102,54.611206194023,N00001356,95GG35S2,333491,375627,2.00854,Belfast,Urban,New Lodge_2,336,1709,36,161,954,4262,3717,1023,"1"
-5.93119214460064,54.6104938385792,N00001357,95GG35S2,333715,375554,1.18795,Belfast,Urban,New Lodge_2,7,185,3,30,22,4314,2247,51,"1"
-5.9355419643099,54.6137014562557,N00001358,95GG35S3,333423,375903,2.44873,Belfast,Urban,New Lodge_3,59,132,181,248,89,4526,62,448,"1"
-5.93384153027856,54.6134049192309,N00001359,95GG35S3,333534,375873,1.78751,Belfast,Urban,New Lodge_3,140,189,340,262,271,4467,167,475,"1"
-5.92959290652532,54.6108061391108,N00001362,95GG35S3,333817,375592,2.57497,Belfast,Urban,New Lodge_3,191,4252,65,9,48,4397,3992,300,"1"
-5.93824838749424,54.5944068202355,N00001417,95GG39S1,333311,373750,24.4374,Belfast,Urban,Shaftesbury_1,132,747,75,102,173,3255,2491,727,"1"
-5.92062036126423,54.5961480439193,N00001418,95GG39S1,334445,373977,24.5,Belfast,Urban,Shaftesbury_1,396,1804,274,124,575,3047,661,593,"1"
-5.93896239514742,54.5901603575675,N00001426,95GG39S3,333279,373276,2.33391,Belfast,Urban,Shaftesbury_3,339,854,449,372,36,4099,3035,1530,"1"
-5.94392224310355,54.5910389128127,N00001427,95GG39S3,332956,373364,8.34684,Belfast,Urban,Shaftesbury_3,411,3362,177,167,111,4014,3985,647,"1"
-5.94088153835976,54.591608808729,N00001430,95GG39S3,333150,373434,5.70477,Belfast,Urban,Shaftesbury_3,178,193,426,57,378,4017,1850,1871,"1"
-5.95719093507754,54.6030559112743,N00001432,95GG40S1,332059,374677,6.00551,Belfast,Urban,Shankill_1,22,30,188,61,98,2968,3797,152,"1"
-5.95266391675329,54.6033538105105,N00001434,95GG40S1,332351,374719,3.38593,Belfast,Urban,Shankill_1,426,875,528,274,149,3804,3795,1279,"1"
-5.95292436027108,54.6019252123769,N00001435,95GG40S1,332338,374559,2.93512,Belfast,Urban,Shankill_1,82,524,58,184,19,3828,3066,730,"1"
-5.95179937270463,54.6011332909529,N00001436,95GG40S1,332414,374473,5.80741,Belfast,Urban,Shankill_1,159,714,251,75,35,3473,2044,1538,"1"
-5.94035443580511,54.6040801191628,N00001437,95GG40S2,333144,374823,4.52027,Belfast,Urban,Shankill_2,21,73,61,133,297,3467,509,43,"1"
-5.94407584325049,54.6077688705735,N00001441,95GG40S2,332891,375226,8.71787,Belfast,Urban,Shankill_2,117,643,194,119,185,4371,283,16,"1"
-5.93955411690801,54.6070506038693,N00001442,95GG40S2,333186,375155,5.22712,Belfast,Urban,Shankill_2,351,1286,424,193,142,4405,1001,466,"1"
-5.94425218652048,54.6049341869443,N00001443,95GG40S2,332889,374910,11.6692,Belfast,Urban,Shankill_2,19,425,21,67,10,3367,691,381,"1"
-5.93856908158458,54.605771605891,N00001444,95GG40S2,333253,375014,7.29549,Belfast,Urban,Shankill_2,40,794,12,37,77,3541,848,177,"1"
-5.89690284177604,54.5929741875754,N00001501,95GG44S1,335988,373670,5.69893,Belfast,Urban,The Mount_1,369,1180,521,459,79,3456,1723,129,"1"
-5.89504382308875,54.5958392702525,N00001503,95GG44S1,336099,373992,11.6611,Belfast,Urban,The Mount_1,157,1066,281,170,14,3397,1411,33,"1"
-5.89905931614833,54.5955366430899,N00001504,95GG44S1,335840,373951,2.17727,Belfast,Urban,The Mount_1,382,3062,405,378,38,3565,504,60,"1"
-5.89381238364798,54.59284790747,N00001506,95GG44S2,336188,373662,3.57496,Belfast,Urban,The Mount_2,183,122,925,875,39,4336,163,515,"1"
-5.89819686064312,54.5884582409176,N00001511,95GG44S2,335919,373165,6.19433,Belfast,Urban,The Mount_2,291,969,637,442,20,3621,276,424,"1"
-5.96663962509741,54.5584222727651,N00001524,95GG45S2,331592,369692,4.20095,Belfast,Urban,Upper Malone_2,418,1984,237,333,223,2339,675,2166,"1"
-5.99003812050479,54.5983039012847,N00001531,95GG46S1,329952,374087,11.7631,Belfast,Urban,Upper Springfield_1,221,1658,117,160,295,2893,124,667,"1"
-6.00300929806495,54.589368586609,N00001533,95GG46S1,329142,373068,92.861,Belfast,Urban,Upper Springfield_1,344,1378,178,138,630,2992,1907,575,"1"
-5.98582357898797,54.5993007753528,N00001535,95GG46S2,330221,374206,9.5882,Belfast,Urban,Upper Springfield_2,44,961,39,4,70,1530,859,562,"1"
-5.98604823797807,54.5970491110403,N00001537,95GG46S2,330214,373955,4.18934,Belfast,Urban,Upper Springfield_2,200,2220,142,68,201,3210,154,255,"1"
-5.98840319050757,54.5956050060315,N00001539,95GG46S2,330066,373789,3.84056,Belfast,Urban,Upper Springfield_2,441,1379,273,277,787,3530,50,2328,"1"
-5.98665816151748,54.5910617844574,N00001541,95GG46S3,330193,373287,8.38356,Belfast,Urban,Upper Springfield_3,142,1367,35,49,428,3573,482,666,"1"
-5.99015804513718,54.5874888730701,N00001542,95GG46S3,329979,372883,2.89078,Belfast,Urban,Upper Springfield_3,272,2631,134,209,46,3603,1037,1154,"1"
-5.98943704158119,54.5892276319327,N00001543,95GG46S3,330020,373078,3.32466,Belfast,Urban,Upper Springfield_3,220,1645,159,59,135,3802,517,1850,"1"
-5.98778323600686,54.5866943473262,N00001544,95GG46S3,330135,372799,3.12474,Belfast,Urban,Upper Springfield_3,319,713,374,246,383,3757,397,938,"1"
-5.93559006289926,54.6153229661658,N00001545,95GG47S1,333415,376083,2.30312,Belfast,Urban,Water Works_1,264,206,558,572,489,4221,39,1110,"1"
-5.94372980734634,54.6149561722348,N00001546,95GG47S1,332890,376027,2.74209,Belfast,Urban,Water Works_1,52,235,217,62,86,3645,404,50,"1"
-5.93731007096541,54.6134372592292,N00001548,95GG47S1,333310,375870,5.40322,Belfast,Urban,Water Works_1,56,872,52,5,276,4227,70,24,"1"
-5.94178468151657,54.613531866565,N00001549,95GG47S1,333020,375872,7.72396,Belfast,Urban,Water Works_1,86,571,72,7,444,3148,1599,171,"1"
-5.9388177218829,54.612140903012,N00001550,95GG47S1,333217,375723,7.60312,Belfast,Urban,Water Works_1,147,1734,38,63,290,4060,2608,15,"1"
-5.94131223913764,54.616155259477,N00001553,95GG47S2,333042,376165,2.27383,Belfast,Urban,Water Works_2,2,24,1,13,225,3732,443,142,"1"
-5.94516426521664,54.6170027308536,N00001554,95GG47S2,332791,376252,5.55218,Belfast,Urban,Water Works_2,48,622,14,22,441,4471,365,22,"1"
-5.94881742233133,54.6153920783465,N00001555,95GG47S2,332560,376066,3.4065,Belfast,Urban,Water Works_2,42,1453,7,1,2,4086,3605,198,"1"
-5.94650933985515,54.614453022854,N00001557,95GG47S2,332712,375965,3.25663,Belfast,Urban,Water Works_2,8,6,40,54,169,4246,4276,93,"1"
-5.93553227700665,54.6163408993461,N00001558,95GG47S3,333415,376196,2.22683,Belfast,Urban,Water Works_3,126,590,113,306,298,4481,5,202,"1"
-5.94013354984001,54.6187394050692,N00001559,95GG47S3,333110,376455,9.65098,Belfast,Urban,Water Works_3,412,559,291,1070,1613,4506,51,70,"1"
-5.94380103373298,54.6224071387143,N00001561,95GG47S3,332861,376856,20.936,Belfast,Urban,Water Works_3,425,221,882,801,2068,4410,10,64,"1"
-5.9335776733575,54.6187175607974,N00001562,95GG47S3,333533,376465,10.2641,Belfast,Urban,Water Works_3,104,252,180,80,566,4485,307,127,"1"
-5.97493511122909,54.5918436880717,N00001565,95GG48S1,330949,373396,2.24838,Belfast,Urban,Whiterock_1,308,515,570,289,369,4240,135,504,"1"
-5.97228028251725,54.5914948352968,N00001566,95GG48S1,331121,373362,7.20635,Belfast,Urban,Whiterock_1,404,1556,325,192,495,4381,206,489,"1"
-5.97687099657261,54.5919525368409,N00001567,95GG48S1,330823,373404,4.47178,Belfast,Urban,Whiterock_1,318,519,432,271,541,4156,202,951,"1"
-5.97623884099738,54.595892466279,N00001570,95GG48S2,330851,373844,14.8661,Belfast,Urban,Whiterock_2,145,1531,81,6,127,3460,2114,1403,"1"
-5.9732394649452,54.5939555206172,N00001571,95GG48S2,331051,373634,6.84232,Belfast,Urban,Whiterock_2,342,2187,189,55,259,3559,2976,1289,"1"
-5.98050361794394,54.5964291075531,N00001572,95GG48S2,330574,373896,5.42139,Belfast,Urban,Whiterock_2,174,3510,84,41,31,3514,840,542,"1"
-5.97929360067623,54.5927550501404,N00001573,95GG48S2,330664,373489,7.66767,Belfast,Urban,Whiterock_2,101,656,165,16,141,4011,178,1151,"1"
-5.98494135594244,54.5961404606047,N00001574,95GG48S3,330288,373855,3.96899,Belfast,Urban,Whiterock_3,99,1991,48,12,203,4248,25,283,"1"
-5.98246973110703,54.5955330623336,N00001575,95GG48S3,330450,373792,3.54854,Belfast,Urban,Whiterock_3,310,1289,317,45,433,3443,537,1370,"1"
-5.98147088117222,54.5936576862213,N00001577,95GG48S3,330520,373586,3.35658,Belfast,Urban,Whiterock_3,177,1076,97,70,405,4024,292,905,"1"
-5.98326600085678,54.593362671189,N00001578,95GG48S3,330405,373549,3.99081,Belfast,Urban,Whiterock_3,370,1971,173,113,502,4154,1256,569,"1"
-5.91089822681947,54.5913699203869,N00001616,95GG50S3,335089,373464,3.71487,Belfast,Urban,Woodstock_3,332,322,629,651,438,4502,245,222,"1"
-5.96122157811351,54.6041717334625,N00001623,95GG51S1,331795,374794,2.65738,Belfast,Urban,Woodvale_1,57,23,423,589,28,2585,900,147,"1"
-5.96206900305801,54.6054789236847,N00001624,95GG51S1,331736,374937,1.38235,Belfast,Urban,Woodvale_1,388,1011,285,330,208,3891,1271,3291,"1"
-5.96430654782389,54.605857169242,N00001625,95GG51S1,331590,374975,5.73833,Belfast,Urban,Woodvale_1,146,94,260,349,891,3745,1011,78,"1"
-5.96330861106676,54.6040962290917,N00001626,95GG51S1,331660,374781,1.60182,Belfast,Urban,Woodvale_1,341,243,306,309,1766,3487,1418,1305,"1"
-5.96313096970537,54.6029586935259,N00001627,95GG51S1,331676,374655,1.89413,Belfast,Urban,Woodvale_1,65,14,199,634,40,3587,3879,809,"1"
-5.96527232015288,54.6031258437904,N00001628,95GG51S1,331537,374670,3.27076,Belfast,Urban,Woodvale_1,419,1868,555,187,113,3233,3467,99,"1"
-5.96187044307161,54.6094153992469,N00001630,95GG51S2,331736,375376,1.41188,Belfast,Urban,Woodvale_2,23,40,74,529,4,3980,1353,596,"1"
-5.96093797095569,54.6084437292305,N00001631,95GG51S2,331800,375270,1.91487,Belfast,Urban,Woodvale_2,105,623,94,185,5,4098,1672,1623,"1"
-5.9612950809313,54.6075084501621,N00001633,95GG51S2,331779,375165,1.84588,Belfast,Urban,Woodvale_2,46,63,124,252,220,4189,69,1017,"1"
-5.96257523932864,54.6068721363969,N00001634,95GG51S2,331699,375092,4.55916,Belfast,Urban,Woodvale_2,83,897,114,201,34,3063,68,135,"1"
-5.95946838662853,54.6114516819924,N00001637,95GG51S3,331885,375607,2.51665,Belfast,Urban,Woodvale_3,53,117,95,326,62,3988,558,922,"1"
-5.9611370275543,54.6109165468711,N00001638,95GG51S3,331779,375544,1.93813,Belfast,Urban,Woodvale_3,13,18,42,106,218,3249,797,1578,"1"
-5.95766682638329,54.6109584421634,N00001639,95GG51S3,332003,375556,1.71321,Belfast,Urban,Woodvale_3,168,9,639,475,497,4106,682,1339,"1"
-5.87563116186145,54.6965623223028,N00001691,95HH07W1,337014,385240,5.68571,Mid and East Antrim,Urban,Gortalee,312,386,491,747,95,2627,3611,1200,"1"
-5.80978148253959,54.7293359445549,N00001715,95HH11W1,341145,389018,3.80762,Mid and East Antrim,Urban,Love Lane,427,1196,365,761,44,3112,3903,1245,"1"
-5.81660435656963,54.7245648718106,N00001721,95HH13W1,340722,388473,3.75481,Mid and East Antrim,Urban,Northland,389,451,694,491,153,2630,3351,1547,"1"
-5.89943075360993,54.575454298244,N00001812,95II07W1,335883,371715,8.6838,Belfast,Urban,Cregagh,91,316,116,231,84,4327,1991,204,"1"
-5.82698225765125,54.5885111835389,N00001923,95II21W1,340522,373311,7.20708,Belfast,Urban,Tullycarnet,78,26,141,464,180,4129,2377,1732,"1"
-6.65906884730114,55.193766727468,N00001948,95JJ02W1,285446,439340,6.78229,Causeway Coast and Glens,Urban,Atlantic,50,11,121,704,303,1912,2653,139,"1"
-6.66223677259755,55.1912173373219,N00001950,95JJ02W1,285250,439052,27.0342,Causeway Coast and Glens,Urban,Atlantic,27,37,49,339,202,1944,3867,187,"1"
-6.65870660239104,55.1464072045767,N00001956,95JJ03S1,285570,434068,4.96967,Causeway Coast and Glens,Urban,Ballysally_1,37,78,73,136,282,2787,901,467,"1"
-6.66076608672976,55.1507575244513,N00001958,95JJ03S1,285430,434550,9.97698,Causeway Coast and Glens,Urban,Ballysally_1,160,34,283,580,879,2618,1134,1164,"1"
-6.66396842598884,55.1493210526734,N00001959,95JJ03S1,285229,434386,7.76003,Causeway Coast and Glens,Urban,Ballysally_1,164,101,228,719,587,2766,1273,229,"1"
-6.6592261342034,55.1482549533857,N00001960,95JJ03S1,285533,434273,12.5743,Causeway Coast and Glens,Urban,Ballysally_1,36,52,31,346,367,2663,1506,304,"1"
-6.66020485360536,55.1429005128362,N00001963,95JJ03S2,285482,433676,12.7564,Causeway Coast and Glens,Urban,Ballysally_2,138,295,149,188,470,2263,1790,389,"1"
-6.6567875314001,55.1438863295099,N00001964,95JJ03S2,285698,433790,9.71782,Causeway Coast and Glens,Urban,Ballysally_2,285,426,331,528,262,2723,1895,784,"1"
-6.67133750836655,55.1321649201788,N00001973,95JJ05W1,284795,432467,27.0653,Causeway Coast and Glens,Urban,Central,219,469,255,695,122,3765,772,260,"1"
-6.67560402124089,55.1287459395921,N00001981,95JJ06W1,284530,432082,9.08892,Causeway Coast and Glens,Urban,Churchland,203,886,43,130,796,4159,2543,285,"1"
-6.65004965612273,55.1369420161748,N00001991,95JJ07W1,286143,433025,4.75926,Causeway Coast and Glens,Urban,Cross Glebe,343,146,689,725,588,2197,1862,1144,"1"
-6.6550717920428,55.2055292020048,N00002060,95JJ18W1,285675,440654,63.2673,Causeway Coast and Glens,Urban,Royal Portrush,414,226,484,1210,1871,2363,1292,34,"1"
-6.75001515496546,54.6522133691415,N00002142,95KK11W1,280731,378948,3.23098,Mid Ulster,Urban,Oldtown,181,192,282,216,454,3438,3106,570,"1"
-6.93992925892433,54.5951826707634,N00002147,95KK12W1,268569,372398,34.4144,Mid Ulster,Rural,Pomeroy,88,31,218,168,916,904,3409,2234,"1"
-6.44768611209902,54.4200102053487,N00002184,95LL02S2,300815,353492,7.59459,"Armagh City, Banbridge and Craigavon",Urban,Annagh_2,452,201,1073,938,571,4518,234,582,"1"
-6.44313115039637,54.4185675248861,N00002185,95LL02S2,301114,353338,9.58032,"Armagh City, Banbridge and Craigavon",Urban,Annagh_2,385,202,1230,976,399,3873,94,394,"1"
-6.46195348480364,54.424620957823,N00002191,95LL03W1,299878,353985,3.42979,"Armagh City, Banbridge and Craigavon",Urban,Ballybay,268,178,410,616,421,2758,2890,836,"1"
-6.32948522704324,54.4585533930066,N00002222,95LL07W1,308385,357957,15.7215,"Armagh City, Banbridge and Craigavon",Urban,Church,242,86,1207,1068,107,3173,1107,156,"1"
-6.32591149699473,54.4586507815025,N00002223,95LL07W1,308617,357974,4.17768,"Armagh City, Banbridge and Craigavon",Urban,Church,213,1,1136,1333,459,4311,271,137,"1"
-6.33526236386001,54.4558505124849,N00002225,95LL07W1,308018,357648,11.4541,"Armagh City, Banbridge and Craigavon",Urban,Church,376,277,875,785,239,3985,942,361,"1"
-6.45621526574817,54.4310868549585,N00002230,95LL08S1,300234,354713,6.13207,"Armagh City, Banbridge and Craigavon",Urban,Corcrain_1,261,242,578,923,51,2879,1731,1698,"1"
-6.44943140618197,54.4318876858638,N00002231,95LL08S1,300672,354811,5.47095,"Armagh City, Banbridge and Craigavon",Urban,Corcrain_1,45,53,164,257,114,3441,578,581,"1"
-6.33656790237147,54.4616758875113,N00002236,95LL09S1,307918,358294,29.0529,"Armagh City, Banbridge and Craigavon",Urban,Court_1,241,648,200,190,803,4458,414,113,"1"
-6.33956805553677,54.4568809904138,N00002241,95LL09S2,307736,357756,9.65992,"Armagh City, Banbridge and Craigavon",Urban,Court_2,417,321,647,553,591,4071,2293,226,"1"
-6.34272497605016,54.4601829557815,N00002245,95LL09S2,307522,358119,7.40252,"Armagh City, Banbridge and Craigavon",Urban,Court_2,428,4484,28,137,795,4308,2268,697,"1"
-6.35218632053342,54.4509570860106,N00002269,95LL12S2,306933,357077,23.1074,"Armagh City, Banbridge and Craigavon",Urban,Drumgask_2,392,1258,692,204,133,2384,793,933,"1"
-6.35866593740092,54.4495484344891,N00002271,95LL12S2,306516,356911,9.98666,"Armagh City, Banbridge and Craigavon",Urban,Drumgask_2,247,634,411,310,87,2135,909,1913,"1"
-6.35586443204213,54.4476281321974,N00002272,95LL12S2,306703,356701,5.21111,"Armagh City, Banbridge and Craigavon",Urban,Drumgask_2,402,1017,333,164,638,2170,1387,1784,"1"
-6.37067677061718,54.443679337325,N00002278,95LL13S2,305752,356239,14.7349,"Armagh City, Banbridge and Craigavon",Urban,Drumgor_2,449,2293,391,179,238,1937,2901,329,"1"
-6.32584777420733,54.4732297162141,N00002282,95LL14S1,308582,359597,5.66272,"Armagh City, Banbridge and Craigavon",Urban,Drumnamoe_1,289,1749,133,108,332,2256,1992,1488,"1"
-6.42127753104431,54.4248475525095,N00002309,95LL17W1,302517,354068,3.35478,"Armagh City, Banbridge and Craigavon",Urban,Killycomain,287,98,507,679,760,2950,896,2113,"1"
-6.33182353777564,54.464086015616,N00002344,95LL21W1,308219,358570,10.0148,"Armagh City, Banbridge and Craigavon",Urban,Parklake,208,61,750,619,740,3379,134,134,"1"
-6.45234577724066,54.4227112291978,N00002362,95LL23W1,300506,353786,4.53282,"Armagh City, Banbridge and Craigavon",Urban,Tavanagh,326,231,738,703,224,3257,3107,295,"1"
-6.45268385612211,54.4207841386535,N00002364,95LL23W1,300489,353571,4.78513,"Armagh City, Banbridge and Craigavon",Urban,Tavanagh,176,267,402,428,49,3223,1921,598,"1"
-6.33467861250568,54.4668768402247,N00002387,95LL26S1,308027,358876,13.7392,"Armagh City, Banbridge and Craigavon",Urban,Woodville_1,38,60,120,111,420,3622,122,591,"1"
-6.342570705142,54.468264724297,N00002388,95LL26S1,307511,359018,2.13102,"Armagh City, Banbridge and Craigavon",Urban,Woodville_1,175,35,1001,667,257,3235,108,700,"1"
-6.33468791117891,54.4711055379216,N00002389,95LL26S1,308015,359347,11.8357,"Armagh City, Banbridge and Craigavon",Urban,Woodville_1,379,319,327,1285,1480,3061,387,88,"1"
-6.33921451227886,54.4676589963062,N00002390,95LL26S1,307730,358956,4.0921,"Armagh City, Banbridge and Craigavon",Urban,Woodville_1,317,369,858,1168,179,3230,47,189,"1"
-7.28335036618421,54.9728405646244,N00002397,95MM01S1,245942,414159,9.32464,Derry City and Strabane,Urban,Altnagelvin_1,123,431,51,131,804,2551,844,879,"1"
-7.28624684570018,54.9716928800121,N00002399,95MM01S1,245758,414029,6.52089,Derry City and Strabane,Urban,Altnagelvin_1,375,207,602,596,764,2051,3153,794,"1"
-7.33292469177934,54.9894224769237,N00002430,95MM05W1,242749,415973,5.82292,Derry City and Strabane,Urban,Brandywell,387,533,297,354,876,2443,2454,1315,"1"
-7.33713851036439,54.988932160197,N00002431,95MM05W1,242480,415916,35.107,Derry City and Strabane,Urban,Brandywell,74,197,80,142,707,1727,496,333,"1"
-7.32754866961809,54.9948934372046,N00002432,95MM05W1,243088,416585,6.7193,Derry City and Strabane,Urban,Brandywell,29,118,8,29,1206,3702,327,415,"1"
-7.33030185146434,54.9940442021204,N00002434,95MM05W1,242912,416489,3.02981,Derry City and Strabane,Urban,Brandywell,6,7,26,141,96,3245,3789,52,"1"
-7.32042716692055,55.0224894441926,N00002441,95MM06S2,243514,419662,3.88817,Derry City and Strabane,Urban,Carn Hill_2,360,660,126,254,1615,3512,3015,834,"1"
-7.31701875533374,55.0263374913735,N00002442,95MM06S2,243727,420092,17.5284,Derry City and Strabane,Urban,Carn Hill_2,273,1264,103,174,670,4325,1500,160,"1"
-7.27685906193737,55.0040235047411,N00002446,95MM07W1,246321,417634,6.38962,Derry City and Strabane,Urban,Caw,185,69,247,521,715,2408,4126,1558,"1"
-7.28276879295663,55.0031003160237,N00002447,95MM07W1,245944,417528,5.27701,Derry City and Strabane,Urban,Caw,443,765,376,497,329,3180,2432,1177,"1"
-7.31109720957531,54.9862823924717,N00002451,95MM08S1,244150,415637,14.348,Derry City and Strabane,Urban,Clondermot_1,32,50,30,146,437,4184,2980,200,"1"
-7.3535655709278,54.9963755056028,N00002465,95MM10S1,241421,416735,31.2031,Derry City and Strabane,Urban,Creggan Central_1,96,293,98,159,206,3317,868,1206,"1"
-7.34516073765114,54.9953135839223,N00002466,95MM10S1,241960,416622,13.4204,Derry City and Strabane,Urban,Creggan Central_1,97,236,169,104,242,4114,841,462,"1"
-7.34846233914646,54.9996938454856,N00002469,95MM10S2,241744,417107,28.8985,Derry City and Strabane,Urban,Creggan Central_2,446,376,389,388,1242,3560,1812,1401,"1"
-7.35172820976587,54.9931167935223,N00002472,95MM11W1,241542,416373,9.73814,Derry City and Strabane,Urban,Creggan South,297,1561,107,189,456,3027,715,1311,"1"
-7.34706714482046,54.9930533870355,N00002473,95MM11W1,241840,416369,4.2604,Derry City and Strabane,Urban,Creggan South,258,1385,111,117,269,3740,2069,1374,"1"
-7.35384943345033,54.991476640383,N00002474,95MM11W1,241408,416189,17.427,Derry City and Strabane,Urban,Creggan South,406,1409,174,294,562,3163,1358,946,"1"
-7.34618044704864,54.9913870106282,N00002475,95MM11W1,241899,416184,5.32502,Derry City and Strabane,Urban,Creggan South,106,114,64,269,605,3870,2854,1146,"1"
-7.34953039004305,54.9891554030062,N00002476,95MM11W1,241687,415933,9.89199,Derry City and Strabane,Urban,Creggan South,115,82,137,285,667,2987,1532,1633,"1"
-7.37469782456417,55.0163850599344,N00002478,95MM12S1,240049,418950,228.917,Derry City and Strabane,Mixed urban/rural,Crevagh_1,94,111,175,140,900,1080,1503,827,"1"
-7.35022477058485,55.0202652599152,N00002481,95MM12S2,241610,419396,12.0402,Derry City and Strabane,Urban,Crevagh_2,118,311,131,135,391,2731,1647,412,"1"
-7.35364770518753,55.0200338797295,N00002482,95MM12S2,241391,419368,10.8758,Derry City and Strabane,Urban,Crevagh_2,210,2132,145,88,99,2042,2541,203,"1"
-7.35518994876811,55.0169728990208,N00002483,95MM12S2,241296,419027,6.40944,Derry City and Strabane,Urban,Crevagh_2,69,279,59,47,427,2186,2465,287,"1"
-7.35086008232712,55.0170017096905,N00002484,95MM12S2,241573,419033,9.79824,Derry City and Strabane,Urban,Crevagh_2,70,32,201,121,602,2422,4497,140,"1"
-7.35561863230302,55.0143769250538,N00002486,95MM12S3,241271,418738,6.72744,Derry City and Strabane,Urban,Crevagh_3,420,672,605,302,467,2285,2238,377,"1"
-7.3152435332113,55.0316058181336,N00002491,95MM13S2,243835,420680,15.1215,Derry City and Strabane,Urban,Culmore_2,204,576,215,101,564,3250,576,420,"1"
-7.31963001979025,55.0290800124978,N00002492,95MM13S2,243557,420396,10.3685,Derry City and Strabane,Urban,Culmore_2,152,133,258,253,606,3087,2451,169,"1"
-7.32154150202873,55.0315186816299,N00002493,95MM13S2,243433,420666,6.22247,Derry City and Strabane,Urban,Culmore_2,169,349,171,153,829,2530,697,355,"1"
-7.32289716933003,55.0302079229067,N00002494,95MM13S2,243347,420520,5.61149,Derry City and Strabane,Urban,Culmore_2,416,2611,223,259,384,2465,971,162,"1"
-7.31265072347333,54.9949923992971,N00002508,95MM14S2,244041,416606,13.1256,Derry City and Strabane,Urban,Ebrington_2,111,434,57,499,664,4505,6,5,"1"
-7.30697236334948,54.9952612270109,N00002509,95MM14S2,244404,416639,7.14328,Derry City and Strabane,Urban,Ebrington_2,450,474,267,607,1236,4500,2537,328,"1"
-7.30951791537478,54.9949535297775,N00002511,95MM14S2,244242,416603,3.04493,Derry City and Strabane,Urban,Ebrington_2,1,4,5,32,23,4514,22,14,"1"
-7.26325867292275,55.03401654296,N00002522,95MM16S1,247157,420982,13.0522,Derry City and Strabane,Rural,Enagh_1,358,150,799,482,1344,1610,2328,306,"1"
-7.33688753154591,55.0040267338972,N00002575,95MM23W1,242480,417597,7.02395,Derry City and Strabane,Urban,Rosemount,407,255,563,359,1139,3717,1528,869,"1"
-7.33300111267837,55.0057761344826,N00002578,95MM23W1,242727,417794,3.8725,Derry City and Strabane,Urban,Rosemount,81,15,89,778,1093,4110,232,296,"1"
-7.31220112787645,55.0264450354287,N00002579,95MM24W1,244035,420107,2.8724,Derry City and Strabane,Urban,Shantallow East,93,127,129,245,466,4084,226,1091,"1"
-7.31060647837287,55.0289220802633,N00002582,95MM24W1,244135,420384,24.1472,Derry City and Strabane,Urban,Shantallow East,288,815,150,196,654,3884,1062,1025,"1"
-7.32684377193854,55.0279623578002,N00002583,95MM25S1,243097,420267,5.08244,Derry City and Strabane,Urban,Shantallow West_1,236,1996,106,148,363,2904,570,114,"1"
-7.32397705022188,55.0285729912161,N00002584,95MM25S1,243280,420337,7.2903,Derry City and Strabane,Urban,Shantallow West_1,58,59,66,100,965,3356,2060,290,"1"
-7.32822007496442,55.0261606267734,N00002585,95MM25S1,243011,420066,5.04123,Derry City and Strabane,Urban,Shantallow West_1,129,1384,78,23,319,2993,1635,59,"1"
-7.32447185989539,55.0259139085527,N00002586,95MM25S1,243251,420041,7.61831,Derry City and Strabane,Urban,Shantallow West_1,448,1202,206,219,935,3374,3256,536,"1"
-7.32967040130559,55.0308615861186,N00002587,95MM25S2,242914,420588,16.8978,Derry City and Strabane,Urban,Shantallow West_2,251,313,382,347,712,2238,1540,128,"1"
-7.33149124708205,55.0283352176918,N00002588,95MM25S2,242800,420306,6.28012,Derry City and Strabane,Urban,Shantallow West_2,357,1182,330,150,956,1576,679,336,"1"
-7.33185358346946,55.0265649435812,N00002589,95MM25S2,242778,420109,6.11325,Derry City and Strabane,Urban,Shantallow West_2,207,128,211,642,611,2312,2878,965,"1"
-7.34118932385539,55.040253576905,N00002590,95MM25S3,242167,421627,443.783,Derry City and Strabane,Urban,Shantallow West_3,422,516,427,402,1037,1409,3629,597,"1"
-7.34600185788555,55.0211233152117,N00002594,95MM26S1,241879,419494,4.3158,Derry City and Strabane,Urban,Springtown_1,218,294,358,149,656,2410,776,838,"1"
-7.34701471212417,55.0220726610568,N00002598,95MM26S1,241814,419599,9.25886,Derry City and Strabane,Urban,Springtown_1,239,389,252,251,337,2573,3630,1088,"1"
-7.32248957914998,55.0002723011538,N00002603,95MM27S1,243406,417187,30.0948,Derry City and Strabane,Urban,Strand_1,30,58,25,232,873,3787,149,84,"1"
-7.32416031699473,54.9995731709986,N00002605,95MM27S1,243300,417109,3.97742,Derry City and Strabane,Urban,Strand_1,16,138,11,58,248,4536,1207,66,"1"
-7.32644020341734,54.9970882303058,N00002607,95MM27S1,243156,416830,3.49934,Derry City and Strabane,Urban,Strand_1,61,214,23,46,1102,4214,629,168,"1"
-7.31827958696845,55.0097972538557,N00002611,95MM27S2,243665,418250,2.56815,Derry City and Strabane,Urban,Strand_2,364,3,1153,1341,2832,4389,12,1363,"1"
-7.31965456418447,54.9943623605813,N00002613,95MM28W1,243594,416531,43.1095,Derry City and Strabane,Urban,The Diamond,25,84,10,158,723,4534,475,3,"1"
-7.32417315823815,54.9915707448533,N00002614,95MM28W1,243307,416218,3.44479,Derry City and Strabane,Urban,The Diamond,307,720,96,431,1891,4477,148,386,"1"
-7.32473289959349,54.9894880349119,N00002616,95MM28W1,243274,415985,6.0597,Derry City and Strabane,Urban,The Diamond,77,42,161,211,627,4239,825,266,"1"
-7.332687192732,54.9869667191861,N00002618,95MM28W1,242767,415700,11.2248,Derry City and Strabane,Urban,The Diamond,276,852,90,112,1219,2734,2557,1635,"1"
-7.30989975652161,54.9897215368734,N00002624,95MM29W1,244223,416021,6.23186,Derry City and Strabane,Urban,Victoria,254,339,232,564,1052,4438,157,148,"1"
-7.32842899149919,54.9962253998474,N00002629,95MM30W1,243030,416733,2.34298,Derry City and Strabane,Urban,Westland,67,87,47,468,510,4286,445,155,"1"
-7.33797702925351,54.9950876656,N00002630,95MM30W1,242420,416601,9.21548,Derry City and Strabane,Urban,Westland,246,497,135,308,650,4029,1515,683,"1"
-7.33121402666419,54.9960562611211,N00002631,95MM30W1,242852,416713,2.04129,Derry City and Strabane,Urban,Westland,124,27,354,471,540,4173,225,1332,"1"
-5.56226850446483,54.3031390267829,N00002639,95NN01S2,358731,342115,135.972,"Newry, Mourne and Down",Rural,Ardglass_2,363,645,248,819,1346,450,800,1158,"1"
-5.71322012296332,54.3278409268499,N00002655,95NN04W1,348818,344534,5.49337,"Newry, Mourne and Down",Urban,Ballymote,161,1369,85,92,161,3892,2996,56,"1"
-5.70874925003548,54.3173090922073,N00002659,95NN04W1,349147,343372,6.43241,"Newry, Mourne and Down",Urban,Ballymote,20,158,86,28,131,1803,2852,102,"1"
-5.88201493772601,54.4021033068374,N00002661,95NN05W1,337590,352456,24.7709,"Newry, Mourne and Down",Urban,Ballynahinch East,334,881,151,345,825,2846,2845,239,"1"
-5.89386989622017,54.4016363100426,N00002664,95NN05W1,336822,352381,15.1173,"Newry, Mourne and Down",Urban,Ballynahinch East,348,491,363,578,514,4291,1200,124,"1"
-5.71331336033842,54.3152734074853,N00002672,95NN07S1,348857,343136,4.95778,"Newry, Mourne and Down",Urban,Cathedral_1,119,599,115,110,268,3388,1597,87,"1"
-5.89072753711549,54.2234340432825,N00002744,95NN17W1,337619,332555,5.15217,"Newry, Mourne and Down",Urban,Murlough,113,1062,37,39,330,2552,3433,174,"1"
-5.89283262996504,54.2221416846811,N00002745,95NN17W1,337486,332407,11.8911,"Newry, Mourne and Down",Urban,Murlough,127,361,156,116,368,2933,2645,158,"1"
-5.89083654114996,54.2169423501508,N00002777,95NN21W1,337634,331832,8.87493,"Newry, Mourne and Down",Urban,Shimna,248,314,334,450,644,3324,758,126,"1"
-5.88897264036664,54.2130015516407,N00002778,95NN21W1,337768,331397,12.4477,"Newry, Mourne and Down",Urban,Shimna,347,873,293,770,614,4493,118,1,"1"
-6.77899572582999,54.5017068314232,N00002815,95OO05W1,279152,362162,12.0736,Mid Ulster,Urban,Ballysaggart,355,1154,702,376,59,3588,313,375,"1"
-6.70255675224022,54.5418995125612,N00002849,95OO11W1,284021,366725,10.1412,Mid Ulster,Urban,Coalisland South,320,3590,55,27,653,3673,3386,524,"1"
-6.70114756260769,54.538969571534,N00002850,95OO11W1,284118,366400,9.79351,Mid Ulster,Urban,Coalisland South,421,689,470,325,837,3401,1083,131,"1"
-6.70241987964735,54.5364375266305,N00002851,95OO11W1,284041,366117,24.0382,Mid Ulster,Urban,Coalisland South,315,100,758,536,1054,2344,806,1043,"1"
-7.64311799199507,54.3504142149431,N00002969,95PP09W1,223255,344693,9.81238,Fermanagh and Omagh,Urban,Devenish,193,28,295,504,2303,3651,1703,225,"1"
-7.6349016061662,54.3482159991971,N00002971,95PP09W1,223791,344451,43.4949,Fermanagh and Omagh,Urban,Devenish,372,232,504,587,1330,2850,577,605,"1"
-7.65425890327605,54.36668776879,N00002972,95PP09W1,222522,346501,335.406,Fermanagh and Omagh,Urban,Devenish,31,169,118,43,188,2811,359,116,"1"
-7.62832195793187,54.3599796538848,N00002984,95PP11W1,224212,345763,13.9434,Fermanagh and Omagh,Urban,Erne,134,210,383,358,73,2396,3464,165,"1"
-7.63043186865848,54.4689425829904,N00002993,95PP13W1,224011,357891,37.9605,Fermanagh and Omagh,Rural,Irvinestown,60,99,105,228,320,1527,2598,192,"1"
-7.73652733539167,54.5248596017307,N00003004,95PP14S2,217108,364085,551.403,Fermanagh and Omagh,Rural,Kesh Ederney and Lack_2,249,47,1011,1157,450,757,3473,494,"1"
-7.4460235016127,54.2491549906783,N00003023,95PP17W1,236160,333504,5.9682,Fermanagh and Omagh,Rural,Lisnaskea,277,412,416,291,703,1619,1455,284,"1"
-7.37157154180374,54.1869393498816,N00003034,95PP19W1,241075,326620,68.4596,Fermanagh and Omagh,Rural,Newtownbutler,222,546,82,155,1511,907,3874,2214,"1"
-7.64134153705998,54.3449183109293,N00003040,95PP20W1,223374,344082,73.2712,Fermanagh and Omagh,Urban,Portora,350,219,668,786,1383,3283,304,9,"1"
-7.6497751415586,54.347192764837,N00003042,95PP20W1,222824,344332,7.27504,Fermanagh and Omagh,Urban,Portora,436,154,731,917,943,2090,2748,925,"1"
-7.17438990636904,54.2402035691655,N00003052,95PP21W1,253878,332681,24.9204,Fermanagh and Omagh,Rural,Rosslea,361,106,986,1573,675,460,2009,1628,"1"
-5.84042585268854,54.8554848869058,N00003081,95QQ03W1,338738,402997,6.02176,Mid and East Antrim,Urban,Ballyloran,75,38,387,173,67,2233,2559,3001,"1"
-5.82266117103437,54.8484468597232,N00003106,95QQ07W1,339903,402249,6.36461,Mid and East Antrim,Urban,Central,335,159,695,1216,800,3643,85,268,"1"
-5.82508784547974,54.8500946294797,N00003107,95QQ07W1,339742,402428,8.31563,Mid and East Antrim,Urban,Central,15,25,16,127,1090,4005,346,63,"1"
-6.94480577367836,55.0711478383902,N00003165,95RR01S2,267456,425377,201.243,Causeway Coast and Glens,Rural,Aghanloo_2,437,303,743,1462,673,625,969,1209,"1"
-6.94516983346231,55.0395001675637,N00003171,95RR03W1,267486,421853,6.50378,Causeway Coast and Glens,Urban,Coolessan,135,763,132,176,306,1637,1368,18,"1"
-6.9477266644222,55.0411619896284,N00003172,95RR03W1,267320,422036,11.9133,Causeway Coast and Glens,Urban,Coolessan,184,416,79,301,700,1827,2700,1285,"1"
-6.94920432347733,55.0449000376912,N00003174,95RR03W1,267219,422451,6.73639,Causeway Coast and Glens,Urban,Coolessan,11,79,15,132,255,2930,918,21,"1"
-6.93215648138507,55.0435997449876,N00003186,95RR05S2,268311,422322,5.09387,Causeway Coast and Glens,Urban,Enagh_2,409,1536,350,323,289,2794,1851,125,"1"
-6.94280456302644,55.0409432424185,N00003211,95RR10W1,267635,422016,7.08645,Causeway Coast and Glens,Urban,Greystone,12,149,24,154,100,2446,553,38,"1"
-6.94552190357352,55.0450792726477,N00003214,95RR10W1,267454,422474,3.10566,Causeway Coast and Glens,Urban,Greystone,3,72,6,65,1,3097,2048,41,"1"
-6.93980331314684,55.0389900355048,N00003215,95RR10W1,267830,421802,6.20989,Causeway Coast and Glens,Urban,Greystone,442,545,339,500,857,2121,1782,1902,"1"
-6.94591849211643,55.0526641160065,N00003223,95RR12W1,267416,423318,5.47723,Causeway Coast and Glens,Urban,Rathbrady,413,1036,220,520,578,3952,1264,270,"1"
-6.94750028141923,55.0497969349557,N00003230,95RR13W1,267320,422997,13.5035,Causeway Coast and Glens,Urban,Roeside,55,57,60,424,264,4223,549,795,"1"
-6.95254205718353,55.0541716739347,N00003231,95RR13W1,266990,423480,48.4478,Causeway Coast and Glens,Urban,Roeside,73,642,46,255,92,3821,159,110,"1"
-6.0307043857089,54.5623635713793,N00003294,95SS06S1,327436,370012,16.0565,Belfast,Urban,Collin Glen_1,136,550,123,156,423,2839,219,410,"1"
-6.03791771947103,54.5611637124879,N00003295,95SS06S1,326973,369866,31.854,Belfast,Urban,Collin Glen_1,250,3012,167,34,140,2162,1021,1103,"1"
-6.03360591686222,54.5590442582355,N00003296,95SS06S2,327259,369638,5.57747,Belfast,Urban,Collin Glen_2,128,1993,62,44,108,3043,317,900,"1"
-6.03370215268102,54.5558636004463,N00003297,95SS06S2,327262,369283,7.43396,Belfast,Urban,Collin Glen_2,265,505,496,182,304,2902,421,1134,"1"
-6.02956460481291,54.554523741111,N00003298,95SS06S2,327534,369142,9.83175,Belfast,Urban,Collin Glen_2,330,3231,122,10,389,3670,3078,1029,"1"
-6.03710125600336,54.5575602735672,N00003299,95SS06S2,327037,369466,11.9649,Belfast,Urban,Collin Glen_2,100,817,108,11,193,1758,1267,952,"1"
-6.02763562541579,54.5565472843181,N00003300,95SS06S2,327653,369370,5.06804,Belfast,Urban,Collin Glen_2,10,55,56,14,143,4252,828,265,"1"
-6.02519038261182,54.5614909231008,N00003302,95SS06S3,327795,369925,9.66401,Belfast,Urban,Collin Glen_3,130,1287,125,91,64,3893,588,216,"1"
-6.03099397066724,54.5584342440291,N00003304,95SS06S3,327430,369574,6.21945,Belfast,Urban,Collin Glen_3,89,509,235,107,68,3196,381,91,"1"
-6.02687692343654,54.5585354031323,N00003305,95SS06S3,327696,369593,8.94282,Belfast,Urban,Collin Glen_3,107,115,398,109,299,3633,221,855,"1"
-6.02116518356371,54.5581234945142,N00003402,95SS16S2,328066,369558,13.8103,Belfast,Urban,Kilwee_2,262,1852,225,128,176,3364,369,405,"1"
-6.01814124317859,54.5555119864377,N00003403,95SS16S2,328270,369273,6.27088,Belfast,Urban,Kilwee_2,72,618,69,19,183,2998,706,464,"1"
-6.02362014638679,54.5558298097035,N00003404,95SS16S2,327915,369298,8.37594,Belfast,Urban,Kilwee_2,305,1672,198,115,618,3818,402,146,"1"
-6.01448481177904,54.5548907731011,N00003405,95SS16S2,328509,369210,7.77662,Belfast,Urban,Kilwee_2,397,3096,93,64,990,2988,1396,895,"1"
-6.05847968007107,54.5009613159749,N00003418,95SS18S1,325828,363128,3.1056,Lisburn and Castlereagh,Urban,Lagan Valley_1,429,325,886,401,436,2664,2381,909,"1"
-6.07383525427675,54.5092382481445,N00003484,95SS25W1,324808,364022,3.44021,Lisburn and Castlereagh,Urban,Old Warren,322,96,944,635,452,2003,2321,1729,"1"
-6.0287464345997,54.5672378212403,N00003490,95SS26S1,327547,370558,10.0439,Belfast,Urban,Poleglass_1,202,2240,110,3,251,2561,1248,982,"1"
-6.02479409000209,54.5670942318929,N00003491,95SS26S1,327803,370550,12.7652,Belfast,Urban,Poleglass_1,171,700,87,143,709,1780,1420,374,"1"
-6.02147711419012,54.5528902908186,N00003515,95SS29S1,328062,368975,13.3868,Belfast,Urban,Twinbrook_1,149,142,345,186,486,3050,332,1100,"1"
-6.02239674137474,54.5498017408617,N00003516,95SS29S1,328013,368629,5.97779,Belfast,Urban,Twinbrook_1,148,164,442,265,385,2948,60,594,"1"
-6.02667078500013,54.550511515372,N00003517,95SS29S2,327734,368700,8.4626,Belfast,Urban,Twinbrook_2,403,1254,130,202,1108,3232,1614,1382,"1"
-6.02531179571206,54.5538258799964,N00003518,95SS29S2,327811,369072,4.01996,Belfast,Urban,Twinbrook_2,252,683,280,210,364,3266,367,802,"1"
-6.02404482193104,54.5529914957853,N00003519,95SS29S2,327896,368981,3.15226,Belfast,Urban,Twinbrook_2,201,173,299,134,1160,3436,956,743,"1"
-6.02591144163796,54.5471171067481,N00003520,95SS29S2,327794,368324,6.8767,Belfast,Urban,Twinbrook_2,263,447,338,343,805,2247,205,449,"1"
-6.55081942131974,54.7773847638074,N00003542,95TT03S1,293300,393128,14.8291,Mid Ulster,Rural,Castledawson_1,328,424,524,565,419,1829,597,681,"1"
-6.60718334508753,54.7505614630676,N00003605,95TT13S2,289733,390069,7.30262,Mid Ulster,Urban,Town Parks East_2,345,1093,361,229,404,2428,1853,120,"1"
-6.51956595708201,55.2076059618929,N00003633,95UU99C2,294297,441060,14.7253,Causeway Coast and Glens,Rural,Ballylough_&_Bushmills,41,17,240,904,3,1965,813,1109,"1"
-6.25403906537711,55.1983044158184,N00003655,95UU99C6,311225,440416,21.6454,Causeway Coast and Glens,Urban,Glentaisie_&_Kinbane,405,465,203,645,2958,2759,1563,61,"1"
-5.89538206072982,54.112859898883,N00003671,95VV01S2,337682,320240,17.1697,"Newry, Mourne and Down",Rural,Annalong_2,434,453,450,569,685,1435,1944,2466,"1"
-6.35060764421043,54.1859482464551,N00003680,95VV02W1,307725,327584,11.3522,"Newry, Mourne and Down",Urban,Ballybot,401,695,300,260,1163,2670,1402,640,"1"
-6.34764167156071,54.1805883076263,N00003682,95VV02W1,307933,326992,9.22246,"Newry, Mourne and Down",Urban,Ballybot,187,2318,27,51,836,2782,938,97,"1"
-6.3955059574401,54.191849050157,N00003684,95VV03W1,304780,328173,18.736,"Newry, Mourne and Down",Rural,Bessbrook,445,2060,336,200,359,1588,1280,977,"1"
-6.39465450681786,54.1966183153291,N00003689,95VV03W1,304823,328705,3.91945,"Newry, Mourne and Down",Rural,Bessbrook,230,2051,193,484,8,2894,146,510,"1"
-6.25700923927753,54.1053390500299,N00003714,95VV07S1,314056,318759,5.48949,"Newry, Mourne and Down",Urban,Clonallan_1,356,327,446,172,1339,2974,3678,527,"1"
-6.26647237870933,54.1071449928705,N00003716,95VV07S1,313433,318945,90.396,"Newry, Mourne and Down",Urban,Clonallan_1,395,83,1174,1851,1173,2626,48,348,"1"
-6.58994605066559,54.1300688117561,N00003727,95VV08W1,292226,321026,236.373,"Newry, Mourne and Down",Rural,Creggan,103,5,147,831,1491,643,1842,2134,"1"
-6.61581314536356,54.0814946142098,N00003732,95VV09W1,290641,315587,45.6118,"Newry, Mourne and Down",Rural,Crossmaglen,144,76,143,393,946,1792,2660,2440,"1"
-6.60892255217925,54.0729822068063,N00003733,95VV09W1,291110,314648,19.0839,"Newry, Mourne and Down",Rural,Crossmaglen,151,33,231,676,821,1552,1053,4224,"1"
-6.34468157141167,54.1739643169141,N00003738,95VV10S2,308143,326259,16.4318,"Newry, Mourne and Down",Urban,Daisy hill_2,377,663,525,290,1056,3971,75,141,"1"
-6.34242018719516,54.17695723701,N00003741,95VV10S2,308283,326596,21.0713,"Newry, Mourne and Down",Urban,Daisy hill_2,158,137,388,365,1088,3152,83,10,"1"
-6.35918399050176,54.1837238897009,N00003756,95VV12S1,307171,327324,10.8891,"Newry, Mourne and Down",Urban,Derrymore_1,18,287,152,20,27,2783,218,48,"1"
-6.34322047851138,54.1723496419977,N00003772,95VV14S2,308243,326082,8.68639,"Newry, Mourne and Down",Urban,Drumalane_2,278,2198,63,86,1737,4097,403,23,"1"
-6.33880801815274,54.1810894713013,N00003778,95VV15S1,308508,327061,5.34749,"Newry, Mourne and Down",Urban,Drumgullion_1,399,261,650,570,662,4015,602,996,"1"
-6.33742010085467,54.1840736777297,N00003779,95VV15S1,308591,327396,16.6974,"Newry, Mourne and Down",Urban,Drumgullion_1,163,254,262,300,317,2755,694,431,"1"
-6.02115442981832,54.064288898036,N00003815,95VV19S2,329610,314597,10.482,"Newry, Mourne and Down",Urban,Kilkeel South_2,447,183,734,742,1182,1510,2849,1035,"1"
-6.58438737433785,54.184830215521,N00003833,95VV22W1,292467,327129,114.952,"Newry, Mourne and Down",Rural,Newtownhamilton,440,251,701,862,1030,950,4113,537,"1"
-6.33724169176448,54.1714619898869,N00003863,95VV27W1,308636,325992,16.1556,"Newry, Mourne and Down",Urban,St Mary's,253,199,550,794,802,2661,220,20,"1"
-6.33063984731207,54.1771966177605,N00003870,95VV28S1,309052,326641,5.61335,"Newry, Mourne and Down",Urban,St Patrick's_1,438,92,1280,1367,1180,2753,126,626,"1"
-6.33519924047534,54.1772037207768,N00003872,95VV28S2,308754,326635,14.829,"Newry, Mourne and Down",Urban,St Patrick's_2,346,535,544,868,640,3215,20,46,"1"
-6.00403870689542,54.7584048662195,N00003901,95WW02S2,328540,391880,4.19551,Antrim and Newtownabbey,Urban,Ballyclare North_2,300,161,755,869,115,3569,3731,804,"1"
-5.96327195749861,54.6875270621242,N00003957,95WW09S1,331393,384067,8.6202,Antrim and Newtownabbey,Urban,Carnmoney_1,353,1417,485,383,37,2488,1607,602,"1"
-5.92160761576748,54.6688122254489,N00003987,95WW12W1,334142,382063,4.88517,Antrim and Newtownabbey,Urban,Coole,435,418,434,1086,407,3520,786,1183,"1"
-5.91404177288699,54.6667447480131,N00003989,95WW12W1,334636,381847,4.23835,Antrim and Newtownabbey,Urban,Coole,76,39,269,557,29,4313,590,2499,"1"
-5.93010785474104,54.6650574774068,N00004002,95WW14W1,333606,381629,16.6983,Antrim and Newtownabbey,Urban,Dunanney,306,567,380,457,88,4128,2651,1195,"1"
-5.92477314138909,54.6697737586167,N00004007,95WW14W1,333934,382164,4.08178,Antrim and Newtownabbey,Urban,Dunanney,224,266,511,513,102,3440,469,1380,"1"
-5.91364600924927,54.6864830696307,N00004065,95WW21S1,334597,384045,14.4553,Antrim and Newtownabbey,Urban,Monkstown_1,170,626,259,344,13,2713,1431,848,"1"
-5.90843478833394,54.6882642851746,N00004067,95WW21S1,334927,384253,3.01751,Antrim and Newtownabbey,Urban,Monkstown_1,354,135,660,827,551,3117,1238,1672,"1"
-5.90868851123893,54.6892548007784,N00004069,95WW21S1,334907,384363,3.39897,Antrim and Newtownabbey,Urban,Monkstown_1,373,813,576,571,72,3408,819,963,"1"
-5.89936853391976,54.6783274493182,N00004086,95WW23S1,335544,383165,4.32343,Antrim and Newtownabbey,Urban,Rostulla_1,182,373,187,384,380,2355,3565,90,"1"
-5.91923658042527,54.6623471928978,N00004098,95WW24S2,334316,381348,3.9815,Antrim and Newtownabbey,Urban,Valley_2,227,240,238,509,356,4142,2089,552,"1"
-5.91655377361995,54.6610653890433,N00004102,95WW25W1,334493,381210,6.0207,Antrim and Newtownabbey,Urban,Whitehouse,331,91,642,559,699,3426,3158,1777,"1"
-5.91818580752538,54.6652130374311,N00004105,95WW25W1,334374,381669,10.0004,Antrim and Newtownabbey,Urban,Whitehouse,298,493,109,524,921,3542,2337,701,"1"
-5.91382856339455,54.6643835597317,N00004106,95WW25W1,334658,381585,5.06182,Antrim and Newtownabbey,Urban,Whitehouse,153,121,425,361,211,2421,2574,387,"1"
-5.66679956388423,54.6487981582277,N00004156,95XX05W1,350652,380352,9.41987,Ards and North Down,Urban,Bangor Castle,279,22,1037,1436,590,2556,2413,166,"1"
-5.66276064206563,54.6422348450969,N00004162,95XX06S1,350937,379630,12.3094,Ards and North Down,Urban,Bloomfield_1,432,338,816,375,567,2923,3187,406,"1"
-5.65910279014766,54.6407462665998,N00004168,95XX06S2,351179,379472,6.54972,Ards and North Down,Urban,Bloomfield_2,109,140,185,105,524,2651,2803,490,"1"
-5.69371859535245,54.6490181445119,N00004197,95XX10S1,348914,380319,3.92428,Ards and North Down,Urban,Clandeboye_1,139,20,495,451,643,2880,1086,360,"1"
-5.69626871957124,54.6477646304822,N00004198,95XX10S1,348754,380174,3.53534,Ards and North Down,Urban,Clandeboye_1,95,10,630,412,164,2232,879,947,"1"
-5.6675500648568,54.6398724460428,N00004213,95XX11S2,350637,379357,57.6779,Ards and North Down,Urban,Conlig_2,337,780,571,217,214,1363,3683,799,"1"
-5.6585674089356,54.6362452739437,N00004214,95XX11S3,351230,378973,8.03035,Ards and North Down,Urban,Conlig_3,311,394,790,180,400,1684,4081,324,"1"
-5.70010427057314,54.6480161507832,N00004244,95XX15W1,348506,380194,4.91069,Ards and North Down,Urban,Dufferin,243,283,498,183,418,1964,2936,684,"1"
-5.69909234562381,54.650898715015,N00004248,95XX15W1,348561,380517,7.22734,Ards and North Down,Urban,Dufferin,349,334,466,409,610,2559,3200,520,"1"
-5.69662276398146,54.6497631172516,N00004251,95XX15W1,348724,380396,6.25648,Ards and North Down,Urban,Dufferin,292,312,404,558,416,2317,3626,244,"1"
-5.68266345541917,54.6526576656107,N00004315,95XX23W1,349614,380748,4.3713,Ards and North Down,Urban,Silverstream,439,341,819,1217,335,3977,671,170,"1"
-5.6715761099309,54.6493393780962,N00004334,95XX25W1,350342,380402,4.12936,Ards and North Down,Urban,Whitehill,323,147,500,728,704,2412,4284,578,"1"
-5.67281464921147,54.6482162915505,N00004336,95XX25W1,350266,380274,3.42184,Ards and North Down,Urban,Whitehill,431,228,854,636,305,3275,4041,1421,"1"
-7.30114346551758,54.598606324117,N00004361,95YY05W1,245218,372487,37.1926,Fermanagh and Omagh,Urban,Dergmoney,313,855,243,312,945,3123,212,185,"1"
-7.29419713077039,54.6010861006,N00004378,95YY09W1,245664,372767,8.38437,Fermanagh and Omagh,Urban,Drumragh,321,429,343,490,1220,3998,196,108,"1"
-7.30593018345334,54.5034233038528,N00004392,95YY11W1,245013,361888,166.717,Fermanagh and Omagh,Rural,Fintona,256,74,316,697,2164,1222,2539,1066,"1"
-7.31705678112127,54.4983865337241,N00004394,95YY11W1,244298,361321,9.72872,Fermanagh and Omagh,Rural,Fintona,260,1072,140,120,1400,1847,466,373,"1"
-7.2799922165887,54.6098966617992,N00004406,95YY14S1,246572,373758,12.3814,Fermanagh and Omagh,Urban,Killyclogher_1,131,145,313,97,597,1577,2934,660,"1"
-7.29813878742984,54.6039695204701,N00004414,95YY15S1,245406,373086,54.9966,Fermanagh and Omagh,Urban,Lisanelly_1,212,29,367,1121,1591,3458,41,1018,"1"
-7.30947760427804,54.6111230598351,N00004415,95YY15S2,244665,373875,67.7413,Fermanagh and Omagh,Urban,Lisanelly_2,340,786,369,147,713,2133,1684,526,"1"
-7.30672110596978,54.6017976733924,N00004432,95YY19W1,244854,372839,12.0275,Fermanagh and Omagh,Urban,Strule,66,397,18,36,642,3377,477,390,"1"
-7.45857757458112,54.819721904944,N00004453,95ZZ02W1,234852,397012,15.9659,Derry City and Strabane,Urban,Ballycolman,112,46,162,327,598,3168,2929,1132,"1"
-7.46110955508671,54.816997718503,N00004454,95ZZ02W1,234692,396707,11.45,Derry City and Strabane,Urban,Ballycolman,234,352,287,220,525,2260,3237,478,"1"
-7.46134727196053,54.8193793402733,N00004456,95ZZ02W1,234675,396972,4.98734,Derry City and Strabane,Urban,Ballycolman,217,367,155,240,351,3309,3675,1644,"1"
-7.30694017521139,54.8675439599996,N00004470,95ZZ05W1,244547,402421,71.8228,Derry City and Strabane,Rural,Dunnamanagh,410,1050,239,353,596,975,3449,2905,"1"
-7.46344437420071,54.8231458374712,N00004474,95ZZ06W1,234537,397391,26.4123,Derry City and Strabane,Urban,East,156,191,160,560,487,2999,816,301,"1"
-7.45128986652946,54.8223027228525,N00004475,95ZZ06W1,235319,397303,9.13771,Derry City and Strabane,Urban,East,4,45,9,52,26,2296,1114,579,"1"
-7.45143320225949,54.8189357182601,N00004476,95ZZ06W1,235312,396928,33.3461,Derry City and Strabane,Urban,East,90,102,144,446,247,2726,764,930,"1"
-7.44973407890524,54.8178512909392,N00004477,95ZZ06W1,235422,396808,19.9768,Derry City and Strabane,Urban,East,64,88,54,480,175,1791,2417,1336,"1"
-7.49787562468167,54.7863770275537,N00004483,95ZZ07W1,232353,393281,37.7154,Derry City and Strabane,Rural,Finn,122,224,202,675,104,994,707,3356,"1"
-7.60041242143435,54.7096733391437,N00004486,95ZZ08W1,225805,384700,32.1448,Derry City and Strabane,Rural,Glenderg,188,263,245,236,381,1971,3267,1317,"1"
-7.66905597083026,54.7207112991802,N00004487,95ZZ08W1,221374,385905,2018.37,Derry City and Strabane,Rural,Glenderg,390,95,1376,1596,1837,19,1269,4337,"1"
-7.38220132423579,54.7174526665748,N00004495,95ZZ09W1,239862,385668,5.60654,Derry City and Strabane,Rural,Newtownstewart,314,779,207,548,386,1279,2134,1267,"1"
-7.47108730222314,54.830776618864,N00004497,95ZZ10W1,234039,398236,65.9703,Derry City and Strabane,Urban,North,393,845,418,390,1168,3468,229,11,"1"
-7.4582257735599,54.8265486200224,N00004499,95ZZ10W1,234869,397772,9.00731,Derry City and Strabane,Urban,North,141,234,41,281,794,3098,3666,1501,"1"
-7.46234366762276,54.8263290232717,N00004500,95ZZ10W1,234605,397745,14.2906,Derry City and Strabane,Urban,North,26,48,22,478,763,3786,27,12,"1"
-7.47390470595675,54.7844821370963,N00004511,95ZZ12W1,233897,393081,2.92898,Derry City and Strabane,Rural,Sion Mills,223,80,471,1038,719,2405,140,840,"1"
-7.47625129942091,54.8213065856356,N00004537,95ZZ16S2,233715,397180,6.97795,Derry City and Strabane,Urban,West_2,43,168,17,238,344,2882,1071,191,"1"
